476-type,89-type,83-type,example_n,indel_in_context,ins_or_del_seq,U_seq,U_seq_count_in_indel_seq,R,mh,unit,unit_length,internal_rep,internal_reps,spacer,spacer_length,prime3_rep,prime3_reps,original_reps
A[Del(C):R1]A,[Del(C):R1]A,DEL:C:1:0,1,CAAAA<C>AAAAAAACCCAATCAAGTGA,C,C,1,1,0,C,1,"",0,"",0,"",0,1
A[Del(C):R1]T,[Del(C):R1]T,DEL:C:1:0,1,TAGCA<C>TTTGGGAGGCCGAGGCAGGT,C,C,1,1,0,C,1,"",0,"",0,"",0,1
A[Del(C):R2]T,[Del(C):R2]T,DEL:C:1:1,1,ATTGA<C>[C]TTTGTGTGTGATTTTTTTGC,C,C,1,2,0,C,1,"",0,"",0,C,1,2
A[Del(C):R3]A,[Del(C):R3]A,DEL:C:1:2,1,TCCAA<C>[CC]AGGTAGTAGTCATATCAAA,C,C,1,3,0,C,1,"",0,"",0,CC,2,3
A[Del(C):R3]T,[Del(C):R3]T,DEL:C:1:2,1,AAAGA<C>[CC]TGCTTTGGTCTCAGGTACC,C,C,1,3,0,C,1,"",0,"",0,CC,2,3
A[Del(C):R5]A,"[Del(C):R(4,5)]A",DEL:C:1:4,1,AATAA<C>[CCCC]AAACAGCAAATCTAAGA,C,C,1,5,0,C,1,"",0,"",0,CCCC,4,5
G[Del(C):R1]A,[Del(C):R1]A,DEL:C:1:0,1,TCAGG<C>AAGTAATAACCCAATCCTGC,C,C,1,1,0,C,1,"",0,"",0,"",0,1
G[Del(C):R1]T,[Del(C):R1]T,DEL:C:1:0,1,TCCTG<C>TTTTTTGCCTGTAGTATGGA,C,C,1,1,0,C,1,"",0,"",0,"",0,1
G[Del(C):R2]A,[Del(C):R2]A,DEL:C:1:1,1,CATGG<C>[C]AGGTGCCAGTAGCGTGTTCC,C,C,1,2,0,C,1,"",0,"",0,C,1,2
G[Del(C):R2]T,[Del(C):R2]T,DEL:C:1:1,1,CCCAG<C>[C]TCGCTGCTGCCTTGCAGATC,C,C,1,2,0,C,1,"",0,"",0,C,1,2
G[Del(C):R4]T,"[Del(C):R(4,5)]T",DEL:C:1:3,1,GAGTG<C>[CCC]TGGGTTCTGGCCCCACGG,C,C,1,4,0,C,1,"",0,"",0,CCC,3,4
T[Del(C):R1]T,[Del(C):R1]T,DEL:C:1:0,1,AACTT<C>TTTTTAGTAAAAAATAACCA,C,C,1,1,0,C,1,"",0,"",0,"",0,1
T[Del(C):R2]A,[Del(C):R2]A,DEL:C:1:1,1,CCCCT<C>[C]AAGATACGTCTTTGATCTTT,C,C,1,2,0,C,1,"",0,"",0,C,1,2
T[Del(C):R2]T,[Del(C):R2]T,DEL:C:1:1,1,TTTTT<C>[C]TTTTGGTTCTATCACTTTTT,C,C,1,2,0,C,1,"",0,"",0,C,1,2
T[Del(C):R4]A,"[Del(C):R(4,5)]A",DEL:C:1:3,1,CCCCT<C>[CCC]AAGTTATGACAAACAAAA,C,C,1,4,0,C,1,"",0,"",0,CCC,3,4
A[Del(T):R1]A,"A[Del(T):R(1,4)]A",DEL:T:1:0,1,CTGCA<T>ACTGTTAGCAGCTGTAACAC,T,T,1,1,0,T,1,"",0,"",0,"",0,1
A[Del(T):R1]C,"A[Del(T):R(1,4)]C",DEL:T:1:0,1,ACCCA<T>CCCCTCCTTTAGTGGATAGT,T,T,1,1,0,T,1,"",0,"",0,"",0,1
A[Del(T):R1]G,"A[Del(T):R(1,4)]G",DEL:T:1:0,1,CCCAA<T>GTGTGTACCATCCCTTTGGT,T,T,1,1,0,T,1,"",0,"",0,"",0,1
A[Del(T):R2]A,"A[Del(T):R(1,4)]A",DEL:T:1:1,1,ACTTA<T>[T]AATCAATCTTGACTGTTCTC,T,T,1,2,0,T,1,"",0,"",0,T,1,2
A[Del(T):R2]C,"A[Del(T):R(1,4)]C",DEL:T:1:1,1,GACAA<T>[T]CTGGTCAGAGTGAAAGCAGA,T,T,1,2,0,T,1,"",0,"",0,T,1,2
A[Del(T):R3]A,"A[Del(T):R(1,4)]A",DEL:T:1:2,1,AAAGA<T>[TT]AAATAACGCATACCAATTC,T,T,1,3,0,T,1,"",0,"",0,TT,2,3
A[Del(T):R3]C,"A[Del(T):R(1,4)]C",DEL:T:1:2,1,AGATA<T>[TT]CATGCAAATGAAAACCAAA,T,T,1,3,0,T,1,"",0,"",0,TT,2,3
A[Del(T):R3]G,"A[Del(T):R(1,4)]G",DEL:T:1:2,1,TAAAA<T>[TT]GTACTGATCATAGTATAGG,T,T,1,3,0,T,1,"",0,"",0,TT,2,3
A[Del(T):R4]A,"A[Del(T):R(1,4)]A",DEL:T:1:3,1,TGAAA<T>[TTT]ATGGTGGGCTATGCAAGG,T,T,1,4,0,T,1,"",0,"",0,TTT,3,4
A[Del(T):R4]G,"A[Del(T):R(1,4)]G",DEL:T:1:3,1,TTGAA<T>[TTT]GGCTGACTTGTGACTTGT,T,T,1,4,0,T,1,"",0,"",0,TTT,3,4
A[Del(T):R5]A,"A[Del(T):R(5,7)]A",DEL:T:1:4,1,TTGTA<T>[TTTT]AACCATATTTATTCAGT,T,T,1,5,0,T,1,"",0,"",0,TTTT,4,5
A[Del(T):R5]C,"A[Del(T):R(5,7)]C",DEL:T:1:4,1,TGCCA<T>[TTTT]CTACTTCATAGTTGCTT,T,T,1,5,0,T,1,"",0,"",0,TTTT,4,5
A[Del(T):R5]G,"A[Del(T):R(5,7)]G",DEL:T:1:4,1,TAAAA<T>[TTTT]GCATTTTTATTCTAAAG,T,T,1,5,0,T,1,"",0,"",0,TTTT,4,5
A[Del(T):R6]A,"A[Del(T):R(5,7)]A",DEL:T:1:5+,1,TTTTA<T>[TTTTT]ATTTTTTAATTTTTGA,T,T,1,6,0,T,1,"",0,"",0,TTTTT,5,6
A[Del(T):R6]C,"A[Del(T):R(5,7)]C",DEL:T:1:5+,1,TCTCA<T>[TTTTT]CACTCTCTCCCTAGAC,T,T,1,6,0,T,1,"",0,"",0,TTTTT,5,6
A[Del(T):R7]A,"A[Del(T):R(5,7)]A",DEL:T:1:5+,1,ACCTA<T>[TTTTTT]ATTTTTTATTTTTTA,T,T,1,7,0,T,1,"",0,"",0,TTTTTT,6,7
A[Del(T):R7]C,"A[Del(T):R(5,7)]C",DEL:T:1:5+,1,ATAGA<T>[TTTTTT]CCTGGTACTGATATT,T,T,1,7,0,T,1,"",0,"",0,TTTTTT,6,7
A[Del(T):R8]A,"A[Del(T):R(8,)]A",DEL:T:1:5+,1,CTAAA<T>[TTTTTTT]AACTTTTATTTTAC,T,T,1,8,0,T,1,"",0,"",0,TTTTTTT,7,8
A[Del(T):R8]C,"A[Del(T):R(8,)]C",DEL:T:1:5+,1,TCAAA<T>[TTTTTTT]CCTACGGTTATCAC,T,T,1,8,0,T,1,"",0,"",0,TTTTTTT,7,8
A[Del(T):R8]G,"A[Del(T):R(8,)]G",DEL:T:1:5+,1,TTCAA<T>[TTTTTTT]GATGCGTTGGAGAT,T,T,1,8,0,T,1,"",0,"",0,TTTTTTT,7,8
"A[Del(T):R(9,)]A","A[Del(T):R(8,)]A",DEL:T:1:5+,1,TGGCA<T>[TTTTTTTT]AAATTATACTTTA,T,T,1,9,0,T,1,"",0,"",0,TTTTTTTT,8,9
"A[Del(T):R(9,)]C","A[Del(T):R(8,)]C",DEL:T:1:5+,1,CTGCA<T>[TTTTTTTT]CCAATAATCTTGA,T,T,1,9,0,T,1,"",0,"",0,TTTTTTTT,8,9
"A[Del(T):R(9,)]G","A[Del(T):R(8,)]G",DEL:T:1:5+,1,AATAA<T>[TTTTTTTT]GATAACATTATTT,T,T,1,9,0,T,1,"",0,"",0,TTTTTTTT,8,9
C[Del(T):R2]A,"C[Del(T):R(1,4)]A",DEL:T:1:1,1,TCTCC<T>[T]AATCTGATAAGCAACTTCAG,T,T,1,2,0,T,1,"",0,"",0,T,1,2
C[Del(T):R2]C,"C[Del(T):R(1,4)]C",DEL:T:1:1,1,GTATC<T>[T]CACATAAGCCTATCTAGAAA,T,T,1,2,0,T,1,"",0,"",0,T,1,2
C[Del(T):R2]G,"C[Del(T):R(1,4)]G",DEL:T:1:1,1,TGACC<T>[T]GAATTCCAACTTATCTTCCC,T,T,1,2,0,T,1,"",0,"",0,T,1,2
C[Del(T):R3]A,"C[Del(T):R(1,4)]A",DEL:T:1:2,1,CTAGC<T>[TT]AGCGTTGGGTTTGGACCAG,T,T,1,3,0,T,1,"",0,"",0,TT,2,3
C[Del(T):R3]C,"C[Del(T):R(1,4)]C",DEL:T:1:2,1,TAGAC<T>[TT]CACATTAGCAGTCATGGAA,T,T,1,3,0,T,1,"",0,"",0,TT,2,3
C[Del(T):R3]G,"C[Del(T):R(1,4)]G",DEL:T:1:2,1,TACCC<T>[TT]GAGGGCACCTGTGCAAAGC,T,T,1,3,0,T,1,"",0,"",0,TT,2,3
C[Del(T):R4]A,"C[Del(T):R(1,4)]A",DEL:T:1:3,1,CAATC<T>[TTT]ATGTTTTGCTTCTTTCTC,T,T,1,4,0,T,1,"",0,"",0,TTT,3,4
C[Del(T):R4]G,"C[Del(T):R(1,4)]G",DEL:T:1:3,1,CAGGC<T>[TTT]GCCATGTTGCCCAGGCTA,T,T,1,4,0,T,1,"",0,"",0,TTT,3,4
C[Del(T):R5]A,"C[Del(T):R(5,7)]A",DEL:T:1:4,1,TTTGC<T>[TTTT]AGTCCTAAAAATCAATA,T,T,1,5,0,T,1,"",0,"",0,TTTT,4,5
C[Del(T):R5]C,"C[Del(T):R(5,7)]C",DEL:T:1:4,1,GGCTC<T>[TTTT]CCATAAAGGGGAGTATG,T,T,1,5,0,T,1,"",0,"",0,TTTT,4,5
C[Del(T):R5]G,"C[Del(T):R(5,7)]G",DEL:T:1:4,1,ACTAC<T>[TTTT]GTATTTTTAGTAGAGAC,T,T,1,5,0,T,1,"",0,"",0,TTTT,4,5
C[Del(T):R6]C,"C[Del(T):R(5,7)]C",DEL:T:1:5+,1,TGTCC<T>[TTTTT]CCCCTCTAAGTTGCAT,T,T,1,6,0,T,1,"",0,"",0,TTTTT,5,6
C[Del(T):R7]C,"C[Del(T):R(5,7)]C",DEL:T:1:5+,1,ACTCC<T>[TTTTTT]CCCCTCTAAAGTAAA,T,T,1,7,0,T,1,"",0,"",0,TTTTTT,6,7
C[Del(T):R8]C,"C[Del(T):R(8,)]C",DEL:T:1:5+,1,AATAC<T>[TTTTTTT]CTGGCTCTTTCTCT,T,T,1,8,0,T,1,"",0,"",0,TTTTTTT,7,8
"C[Del(T):R(9,)]C","C[Del(T):R(8,)]C",DEL:T:1:5+,1,TCATC<T>[TTTTTTTT]CAAAATGGAGGAT,T,T,1,9,0,T,1,"",0,"",0,TTTTTTTT,8,9
"C[Del(T):R(9,)]G","C[Del(T):R(8,)]G",DEL:T:1:5+,1,TTGGC<T>[TTTTTTTT]GAGATGGAGTCTC,T,T,1,9,0,T,1,"",0,"",0,TTTTTTTT,8,9
G[Del(T):R1]C,"G[Del(T):R(1,4)]C",DEL:T:1:0,1,GTTTG<T>CAAATTTTGTTTCTCTACTT,T,T,1,1,0,T,1,"",0,"",0,"",0,1
G[Del(T):R1]G,"G[Del(T):R(1,4)]G",DEL:T:1:0,1,CCGAG<T>GCCCATAAACTGATGATGGA,T,T,1,1,0,T,1,"",0,"",0,"",0,1
G[Del(T):R2]A,"G[Del(T):R(1,4)]A",DEL:T:1:1,1,ATAGG<T>[T]AATGTTCCCATTAATTATCT,T,T,1,2,0,T,1,"",0,"",0,T,1,2
G[Del(T):R2]C,"G[Del(T):R(1,4)]C",DEL:T:1:1,1,TGGAG<T>[T]CATCTACCAGATCCTTTTAG,T,T,1,2,0,T,1,"",0,"",0,T,1,2
G[Del(T):R2]G,"G[Del(T):R(1,4)]G",DEL:T:1:1,1,AGGGG<T>[T]GGATCAAAAGCCTTGCTGTG,T,T,1,2,0,T,1,"",0,"",0,T,1,2
G[Del(T):R3]C,"G[Del(T):R(1,4)]C",DEL:T:1:2,1,GGGGG<T>[TT]CCTCTCAATGTGAGTTTAG,T,T,1,3,0,T,1,"",0,"",0,TT,2,3
G[Del(T):R3]G,"G[Del(T):R(1,4)]G",DEL:T:1:2,1,CAAGG<T>[TT]GTAAATGCACCAATCAGCA,T,T,1,3,0,T,1,"",0,"",0,TT,2,3
G[Del(T):R4]C,"G[Del(T):R(1,4)]C",DEL:T:1:3,1,AAATG<T>[TTT]CAGCTAAGACCGAGTTGT,T,T,1,4,0,T,1,"",0,"",0,TTT,3,4
G[Del(T):R4]G,"G[Del(T):R(1,4)]G",DEL:T:1:3,1,CTATG<T>[TTT]GTGGGAATTGAACAATGA,T,T,1,4,0,T,1,"",0,"",0,TTT,3,4
G[Del(T):R5]A,"G[Del(T):R(5,7)]A",DEL:T:1:4,1,TGGAG<T>[TTTT]ATTGGGGTTTTATTATG,T,T,1,5,0,T,1,"",0,"",0,TTTT,4,5
G[Del(T):R5]C,"G[Del(T):R(5,7)]C",DEL:T:1:4,1,TGAGG<T>[TTTT]CTAGTCCATGCAAAAAT,T,T,1,5,0,T,1,"",0,"",0,TTTT,4,5
G[Del(T):R8]C,"G[Del(T):R(8,)]C",DEL:T:1:5+,1,TTTTG<T>[TTTTTTT]CCCCCACTTCTGCA,T,T,1,8,0,T,1,"",0,"",0,TTTTTTT,7,8
"G[Del(T):R(9,)]A","G[Del(T):R(8,)]A",DEL:T:1:5+,1,TAGGG<T>[TTTTTTTT]AAGTGTATGTTTG,T,T,1,9,0,T,1,"",0,"",0,TTTTTTTT,8,9
A[Ins(C):R0]A,A[Ins(C):R0]A,INS:C:1:0,1,AAAAA<C>ACACACACACACACCCATAG,C,C,1,0,0,C,1,"",0,"",0,"",0,0
A[Ins(C):R0]T,A[Ins(C):R0]T,INS:C:1:0,1,GTTTA<C>TTTTTTTTTCCTATGGATGA,C,C,1,0,0,C,1,"",0,"",0,"",0,0
A[Ins(C):R1]A,"Ins(C):R(0,3)",INS:C:1:1,1,CGGAA<C>[C]AGACCTTGTCTCAAAAAAAA,C,C,1,1,0,C,1,"",0,"",0,C,1,1
G[Ins(C):R0]G,"Ins(C):R(0,3)",INS:C:1:0,1,CCCAG<C>GCTGTAGTGCAGTAGCAGGA,C,C,1,0,0,C,1,"",0,"",0,"",0,0
G[Ins(C):R1]A,"Ins(C):R(0,3)",INS:C:1:1,1,GGCTG<C>[C]AGTGCAATGGCATGATCTCA,C,C,1,1,0,C,1,"",0,"",0,C,1,1
G[Ins(C):R1]T,"Ins(C):R(0,3)",INS:C:1:1,1,TGTTG<C>[C]TGGGGTGGAGCCTTCATGGA,C,C,1,1,0,C,1,"",0,"",0,C,1,1
"G[Ins(C):R(9,)]G","Ins(C):R(7,)",INS:C:1:5+,1,CACGG<C>[CCCCCCCCC]GACAGCCTAGCT,C,C,1,9,0,C,1,"",0,"",0,CCCCCCCCC,9,9
T[Ins(C):R0]G,"Ins(C):R(0,3)",INS:C:1:0,1,AGCTT<C>GTCCCTGAGTGCACAAGTGG,C,C,1,0,0,C,1,"",0,"",0,"",0,0
T[Ins(C):R0]T,"Ins(C):R(0,3)",INS:C:1:0,1,ATTCT<C>TCTTCTTTTTCAACCTAGGC,C,C,1,0,0,C,1,"",0,"",0,"",0,0
T[Ins(C):R1]A,"Ins(C):R(0,3)",INS:C:1:1,1,TTTTT<C>[C]AAGGGAACAGAAAGGAAAAA,C,C,1,1,0,C,1,"",0,"",0,C,1,1
T[Ins(C):R5]A,"Ins(C):R(4,6)",INS:C:1:5+,1,CTGGT<C>[CCCCC]AAATTCACATCCTTCT,C,C,1,5,0,C,1,"",0,"",0,CCCCC,5,5
A[Ins(T):R0]A,"A[Ins(T):R(0,4)]A",INS:T:1:0,1,ATGAA<T>AAAAATGAAAAAAGAAGATA,T,T,1,0,0,T,1,"",0,"",0,"",0,0
A[Ins(T):R0]G,"A[Ins(T):R(0,4)]G",INS:T:1:0,1,TCAAA<T>GTTTATATTCTGTAAAGTCT,T,T,1,0,0,T,1,"",0,"",0,"",0,0
A[Ins(T):R1]G,"A[Ins(T):R(0,4)]G",INS:T:1:1,1,AACCA<T>[T]GTGAATGTACTGAATACCAC,T,T,1,1,0,T,1,"",0,"",0,T,1,1
A[Ins(T):R2]A,"A[Ins(T):R(0,4)]A",INS:T:1:2,1,TTATA<T>[TT]ATATTGTTCCCCCCCCGCC,T,T,1,2,0,T,1,"",0,"",0,TT,2,2
A[Ins(T):R2]C,"A[Ins(T):R(0,4)]C",INS:T:1:2,1,CAAGA<T>[TT]CTTCTAATGAAAGTAACAC,T,T,1,2,0,T,1,"",0,"",0,TT,2,2
A[Ins(T):R3]A,"A[Ins(T):R(0,4)]A",INS:T:1:3,1,ATTTA<T>[TTT]ATTTATTTTTTTGACACA,T,T,1,3,0,T,1,"",0,"",0,TTT,3,3
A[Ins(T):R3]C,"A[Ins(T):R(0,4)]C",INS:T:1:3,1,GCTTA<T>[TTT]CTCCTAGAGTCTGCCTAA,T,T,1,3,0,T,1,"",0,"",0,TTT,3,3
A[Ins(T):R4]A,"A[Ins(T):R(0,4)]A",INS:T:1:4,1,ATACA<T>[TTTT]AATTTATTCTTTTACCT,T,T,1,4,0,T,1,"",0,"",0,TTTT,4,4
A[Ins(T):R4]G,"A[Ins(T):R(0,4)]G",INS:T:1:4,1,GGTCA<T>[TTTT]GTGGCACAGCAGGACTG,T,T,1,4,0,T,1,"",0,"",0,TTTT,4,4
A[Ins(T):R5]A,"A[Ins(T):R(5,7)]A",INS:T:1:5+,1,GGTGA<T>[TTTTT]ACAAAATAAATTTAAG,T,T,1,5,0,T,1,"",0,"",0,TTTTT,5,5
A[Ins(T):R5]C,"A[Ins(T):R(5,7)]C",INS:T:1:5+,1,AATTA<T>[TTTTT]CTCAAAATAGGAATAC,T,T,1,5,0,T,1,"",0,"",0,TTTTT,5,5
A[Ins(T):R5]G,"A[Ins(T):R(5,7)]G",INS:T:1:5+,1,CAATA<T>[TTTTT]GAAAAGACAGAATACT,T,T,1,5,0,T,1,"",0,"",0,TTTTT,5,5
A[Ins(T):R6]A,"A[Ins(T):R(5,7)]A",INS:T:1:5+,1,ATATA<T>[TTTTTT]ATTTTCACAGACAGG,T,T,1,6,0,T,1,"",0,"",0,TTTTTT,6,6
A[Ins(T):R6]C,"A[Ins(T):R(5,7)]C",INS:T:1:5+,1,ATACA<T>[TTTTTT]CTCAAATATTGAGGT,T,T,1,6,0,T,1,"",0,"",0,TTTTTT,6,6
A[Ins(T):R6]G,"A[Ins(T):R(5,7)]G",INS:T:1:5+,1,CTAAA<T>[TTTTTT]GTATTTTTAGTAGAG,T,T,1,6,0,T,1,"",0,"",0,TTTTTT,6,6
A[Ins(T):R7]A,"A[Ins(T):R(5,7)]A",INS:T:1:5+,1,CAGTA<T>[TTTTTTT]AAAATGATATCTAG,T,T,1,7,0,T,1,"",0,"",0,TTTTTTT,7,7
A[Ins(T):R7]C,"A[Ins(T):R(5,7)]C",INS:T:1:5+,1,AACCA<T>[TTTTTTT]CCTCCTAGACCTCT,T,T,1,7,0,T,1,"",0,"",0,TTTTTTT,7,7
A[Ins(T):R7]G,"A[Ins(T):R(5,7)]G",INS:T:1:5+,1,CAGCA<T>[TTTTTTT]GTTTGCTAGACTGT,T,T,1,7,0,T,1,"",0,"",0,TTTTTTT,7,7
A[Ins(T):R8]A,"A[Ins(T):R(8,)]A",INS:T:1:5+,1,TTCAA<T>[TTTTTTTT]ATTTTCTACAGAT,T,T,1,8,0,T,1,"",0,"",0,TTTTTTTT,8,8
A[Ins(T):R8]C,"A[Ins(T):R(8,)]C",INS:T:1:5+,1,ATACA<T>[TTTTTTTT]CACAAAGCCTGTG,T,T,1,8,0,T,1,"",0,"",0,TTTTTTTT,8,8
A[Ins(T):R8]G,"A[Ins(T):R(8,)]G",INS:T:1:5+,1,TTGAA<T>[TTTTTTTT]GGATGATTTCTTC,T,T,1,8,0,T,1,"",0,"",0,TTTTTTTT,8,8
"A[Ins(T):R(9,)]A","A[Ins(T):R(8,)]A",INS:T:1:5+,1,ATATA<T>[TTTTTTTTT]AAAAAGGATGAA,T,T,1,9,0,T,1,"",0,"",0,TTTTTTTTT,9,9
"A[Ins(T):R(9,)]C","A[Ins(T):R(8,)]C",INS:T:1:5+,1,GTAAA<T>[TTTTTTTTT]CTAAACTGCAAA,T,T,1,9,0,T,1,"",0,"",0,TTTTTTTTT,9,9
"A[Ins(T):R(9,)]G","A[Ins(T):R(8,)]G",INS:T:1:5+,1,TTTTA<T>[TTTTTTTTT]GCCAGACTGTTT,T,T,1,9,0,T,1,"",0,"",0,TTTTTTTTT,9,9
C[Ins(T):R2]A,"C[Ins(T):R(0,4)]A",INS:T:1:2,1,ATATC<T>[TT]ACTAAGTAGGTCAGTGTGG,T,T,1,2,0,T,1,"",0,"",0,TT,2,2
C[Ins(T):R2]G,"C[Ins(T):R(0,4)]G",INS:T:1:2,1,CCCCC<T>[TT]GTGATATCTTGTGATCTCT,T,T,1,2,0,T,1,"",0,"",0,TT,2,2
C[Ins(T):R3]A,"C[Ins(T):R(0,4)]A",INS:T:1:3,1,GCCCC<T>[TTT]AAGAATTTGATTCTTATT,T,T,1,3,0,T,1,"",0,"",0,TTT,3,3
C[Ins(T):R3]C,"C[Ins(T):R(0,4)]C",INS:T:1:3,1,TTCTC<T>[TTT]CCACCCAAGCCTGAGAAG,T,T,1,3,0,T,1,"",0,"",0,TTT,3,3
C[Ins(T):R3]G,"C[Ins(T):R(0,4)]G",INS:T:1:3,1,GGTCC<T>[TTT]GCTGAGTTCCATAAGAAG,T,T,1,3,0,T,1,"",0,"",0,TTT,3,3
C[Ins(T):R4]C,"C[Ins(T):R(0,4)]C",INS:T:1:4,1,CCCAC<T>[TTTT]CTAAGGCAACCACCATT,T,T,1,4,0,T,1,"",0,"",0,TTTT,4,4
C[Ins(T):R4]G,"C[Ins(T):R(0,4)]G",INS:T:1:4,1,GATCC<T>[TTTT]GTAGTTTATAAGCATGA,T,T,1,4,0,T,1,"",0,"",0,TTTT,4,4
C[Ins(T):R5]A,"C[Ins(T):R(5,7)]A",INS:T:1:5+,1,ACTTC<T>[TTTTT]ATACCTATTATCTTGG,T,T,1,5,0,T,1,"",0,"",0,TTTTT,5,5
C[Ins(T):R5]C,"C[Ins(T):R(5,7)]C",INS:T:1:5+,1,TTTTC<T>[TTTTT]CTTTTTTTTTTTTTTA,T,T,1,5,0,T,1,"",0,"",0,TTTTT,5,5
C[Ins(T):R5]G,"C[Ins(T):R(5,7)]G",INS:T:1:5+,1,AAGTC<T>[TTTTT]GTTTTAGTGCAATAGA,T,T,1,5,0,T,1,"",0,"",0,TTTTT,5,5
C[Ins(T):R6]A,"C[Ins(T):R(5,7)]A",INS:T:1:5+,1,ATTTC<T>[TTTTTT]AATTGGTCTCAATGT,T,T,1,6,0,T,1,"",0,"",0,TTTTTT,6,6
C[Ins(T):R6]C,"C[Ins(T):R(5,7)]C",INS:T:1:5+,1,CTGAC<T>[TTTTTT]CACTTAACATAATGG,T,T,1,6,0,T,1,"",0,"",0,TTTTTT,6,6
C[Ins(T):R6]G,"C[Ins(T):R(5,7)]G",INS:T:1:5+,1,CTTTC<T>[TTTTTT]GTGAGAAATATATCT,T,T,1,6,0,T,1,"",0,"",0,TTTTTT,6,6
C[Ins(T):R7]A,"C[Ins(T):R(5,7)]A",INS:T:1:5+,1,TCATC<T>[TTTTTTT]ATGGCTGCATAGTA,T,T,1,7,0,T,1,"",0,"",0,TTTTTTT,7,7
C[Ins(T):R7]C,"C[Ins(T):R(5,7)]C",INS:T:1:5+,1,TTTAC<T>[TTTTTTT]CCAGTATTTGCCAA,T,T,1,7,0,T,1,"",0,"",0,TTTTTTT,7,7
C[Ins(T):R7]G,"C[Ins(T):R(5,7)]G",INS:T:1:5+,1,ACTTC<T>[TTTTTTT]GTTTGTTGGTTTTG,T,T,1,7,0,T,1,"",0,"",0,TTTTTTT,7,7
C[Ins(T):R8]A,"C[Ins(T):R(8,)]A",INS:T:1:5+,1,TTTTC<T>[TTTTTTTT]AATTTTTATTACA,T,T,1,8,0,T,1,"",0,"",0,TTTTTTTT,8,8
C[Ins(T):R8]C,"C[Ins(T):R(8,)]C",INS:T:1:5+,1,CAAAC<T>[TTTTTTTT]CCAACCACCTGCT,T,T,1,8,0,T,1,"",0,"",0,TTTTTTTT,8,8
C[Ins(T):R8]G,"C[Ins(T):R(8,)]G",INS:T:1:5+,1,TCGCC<T>[TTTTTTTT]GTTTTAGTTTTTT,T,T,1,8,0,T,1,"",0,"",0,TTTTTTTT,8,8
"C[Ins(T):R(9,)]A","C[Ins(T):R(8,)]A",INS:T:1:5+,1,TTTTC<T>[TTTTTTTTT]ATCAGTATCATT,T,T,1,9,0,T,1,"",0,"",0,TTTTTTTTT,9,9
"C[Ins(T):R(9,)]G","C[Ins(T):R(8,)]G",INS:T:1:5+,1,TTCTC<T>[TTTTTTTTT]GTTGTGTCTCTG,T,T,1,9,0,T,1,"",0,"",0,TTTTTTTTT,9,9
G[Ins(T):R0]A,"G[Ins(T):R(0,4)]A",INS:T:1:0,1,GTTGG<T>AGGCTGCAGTGAGCCGAGAT,T,T,1,0,0,T,1,"",0,"",0,"",0,0
G[Ins(T):R0]C,"G[Ins(T):R(0,4)]C",INS:T:1:0,1,ATATG<T>CGGTGTTTGGTTTTTTGTTC,T,T,1,0,0,T,1,"",0,"",0,"",0,0
G[Ins(T):R1]G,"G[Ins(T):R(0,4)]G",INS:T:1:1,1,TGAGG<T>[T]GGGTCCATCACTTGAGCCCA,T,T,1,1,0,T,1,"",0,"",0,T,1,1
G[Ins(T):R2]C,"G[Ins(T):R(0,4)]C",INS:T:1:2,1,GACAG<T>[TT]CCCTTTTCCCAAGGAATTC,T,T,1,2,0,T,1,"",0,"",0,TT,2,2
G[Ins(T):R2]G,"G[Ins(T):R(0,4)]G",INS:T:1:2,1,CACTG<T>[TT]GTGTTAATGACATAAAAGC,T,T,1,2,0,T,1,"",0,"",0,TT,2,2
G[Ins(T):R4]G,"G[Ins(T):R(0,4)]G",INS:T:1:4,1,TTGTG<T>[TTTT]GGATGGCTCATTCTTAA,T,T,1,4,0,T,1,"",0,"",0,TTTT,4,4
G[Ins(T):R5]C,"G[Ins(T):R(5,7)]C",INS:T:1:5+,1,GTGTG<T>[TTTTT]CTCTCTTCCCCTCAAC,T,T,1,5,0,T,1,"",0,"",0,TTTTT,5,5
G[Ins(T):R6]C,"G[Ins(T):R(5,7)]C",INS:T:1:5+,1,ATATG<T>[TTTTTT]CCAAGCAAGCAAACT,T,T,1,6,0,T,1,"",0,"",0,TTTTTT,6,6
G[Ins(T):R6]G,"G[Ins(T):R(5,7)]G",INS:T:1:5+,1,GCTGG<T>[TTTTTT]GAAAAGATCAACAAA,T,T,1,6,0,T,1,"",0,"",0,TTTTTT,6,6
G[Ins(T):R7]C,"G[Ins(T):R(5,7)]C",INS:T:1:5+,1,CTGGG<T>[TTTTTTT]CCACATTTGGGATT,T,T,1,7,0,T,1,"",0,"",0,TTTTTTT,7,7
G[Ins(T):R7]G,"G[Ins(T):R(5,7)]G",INS:T:1:5+,1,TTTTG<T>[TTTTTTT]GAGACAGAGTCTCG,T,T,1,7,0,T,1,"",0,"",0,TTTTTTT,7,7
G[Ins(T):R8]C,"G[Ins(T):R(8,)]C",INS:T:1:5+,1,CCTAG<T>[TTTTTTTT]CATTATCATTATC,T,T,1,8,0,T,1,"",0,"",0,TTTTTTTT,8,8
G[Ins(T):R8]G,"G[Ins(T):R(8,)]G",INS:T:1:5+,1,TGTTG<T>[TTTTTTTT]GCTTTTTATTAAC,T,T,1,8,0,T,1,"",0,"",0,TTTTTTTT,8,8
"G[Ins(T):R(9,)]A","G[Ins(T):R(8,)]A",INS:T:1:5+,1,TTTTG<T>[TTTTTTTTT]AGAGACAGAGTC,T,T,1,9,0,T,1,"",0,"",0,TTTTTTTTT,9,9
"G[Ins(T):R(9,)]C","G[Ins(T):R(8,)]C",INS:T:1:5+,1,ATTTG<T>[TTTTTTTTT]CCTTTTTTTTCT,T,T,1,9,0,T,1,"",0,"",0,TTTTTTTTT,9,9
"G[Ins(T):R(9,)]G","G[Ins(T):R(8,)]G",INS:T:1:5+,1,TGTGG<T>[TTTTTTTTT]GTTTGTTCTGAG,T,T,1,9,0,T,1,"",0,"",0,TTTTTTTTT,9,9
Del2:U1:R1,"Del(2,4):R1",DEL:repeats:2:0,1,AAATA<TT>GTTACAGTGCCAAAACCAAT,TT,T,2,2,0,T,1,T,1,"",0,"",0,2
Del2:U1:R1,"Del(2,4):R1",DEL:repeats:2:0,2,AGAAC<AA>TATTTATCTTTCTTTGTCTT,AA,A,2,2,0,A,1,A,1,"",0,"",0,2
Del2:U1:R1,"Del(2,4):R1",DEL:repeats:2:0,3,TGGGC<TT>CTTATTAGAGTGCTGAAAAT,TT,T,2,2,0,T,1,T,1,"",0,"",0,2
Del2:U1:R1,"Del(2,4):R1",DEL:repeats:2:0,4,GAAAC<AA>TGATTAGCTGAACCTCAGCG,AA,A,2,2,0,A,1,A,1,"",0,"",0,2
Del2:U1:R1,"Del(2,4):R1",DEL:repeats:2:0,5,GAAAC<AA>TATCTACTTTTTTAAAGACT,AA,A,2,2,0,A,1,A,1,"",0,"",0,2
"Del(10,):U1:R1","Del(5,):R1",DEL:repeats:5+:0,1,ATATC<TTAACTATTTT>GATACTTTATTTTCTTTTTT,TTAACTATTTT,TTAACTATTTT,1,1,0,T,1,T,1,AACTATTTT,9,"",0,0
"Del(10,):U1:R1","Del(5,):R1",DEL:repeats:5+:0,2,CTTTT<GGTCTGTCTTTCC>CAGTGTGGACGAATTTCAAA,GGTCTGTCTTTCC,GGTCTGTCTTTCC,1,1,0,G,1,G,1,TCTGTCTTTCC,11,"",0,0
"Del2:U(2,):R1","Del(2,4):R1",DEL:repeats:2:0,1,ATCAC<AG>TGTAGGAGTAAAAGGAAAGC,AG,AG,1,1,0,AG,2,"",0,"",0,"",0,1
"Del2:U(2,):R1","Del(2,4):R1",DEL:repeats:2:0,2,CAACA<CT>GATAACTAGATTCTCCAAGT,CT,CT,1,1,0,CT,2,"",0,"",0,"",0,1
"Del2:U(2,):R1","Del(2,4):R1",DEL:repeats:2:0,3,AAGAA<AT>TTTTTTTTTTTTTCCGAGCA,AT,AT,1,1,0,AT,2,"",0,"",0,"",0,1
"Del2:U(2,):R1","Del(2,4):R1",DEL:repeats:2:0,4,ATAAC<AG>TATTTACCTCCAAGATTGCA,AG,AG,1,1,0,AG,2,"",0,"",0,"",0,1
"Del2:U(2,):R1","Del(2,4):R1",DEL:repeats:2:0,5,ACACA<CT>GTTAATGATGTTGCTGCCTT,CT,CT,1,1,0,CT,2,"",0,"",0,"",0,1
"Del2:U(2,):R1","Del(2,4):R1",DEL:repeats:2:0,6,GGTCA<AT>TATTGAGTCAATCATGTGTA,AT,AT,1,1,0,AT,2,"",0,"",0,"",0,1
"Del2:U(2,):R1","Del(2,4):R1",DEL:repeats:2:0,7,CATCA<AG>GCTCTCTGGGTTGATCCAAG,AG,AG,1,1,0,AG,2,"",0,"",0,"",0,1
"Del2:U(2,):R1","Del(2,4):R1",DEL:repeats:2:0,8,TTACA<CT>GTCTTTGCCCATTCTGCTTT,CT,CT,1,1,0,CT,2,"",0,"",0,"",0,1
"Del2:U(2,):R1","Del(2,4):R1",DEL:repeats:2:0,9,ATCTC<AG>TGGCTCCCAGCTGCATGGGC,AG,AG,1,1,0,AG,2,"",0,"",0,"",0,1
"Del2:U(2,):R1","Del(2,4):R1",DEL:repeats:2:0,10,AAGAC<AG>TGTGGTGATTCCTCAAGTAT,AG,AG,1,1,0,AG,2,"",0,"",0,"",0,1
"Del3:U(2,):R1","Del(2,4):R1",DEL:repeats:3:0,1,TGAGG<ATT>TCGTTGGAAACGGGATTACA,ATT,ATT,1,1,0,ATT,3,"",0,"",0,"",0,1
"Del4:U(2,):R1","Del(2,4):R1",DEL:repeats:4:0,1,CTAAT<ATTA>CACATAGACACATTCCTGTG,ATTA,ATTA,1,1,0,ATTA,4,"",0,"",0,"",0,1
"Del6:U(2,):R1","Del(5,):R1",DEL:repeats:5+:0,1,CTAAC<ATTTAA>GTCTTTAATCCATCTTGAAT,ATTTAA,ATTTAA,1,1,0,ATTTAA,6,"",0,"",0,"",0,1
"Del7:U(2,):R1","Del(5,):R1",DEL:repeats:5+:0,1,CCCGG<CTAATTT>TTTGTATTTTTAGTAGAGAC,CTAATTT,CTAATTT,1,1,0,CTAATTT,7,"",0,"",0,"",0,1
"Del8:U(2,):R1","Del(5,):R1",DEL:repeats:5+:0,1,TGTGG<GAGGTAAA>CTTTTTGAATCTTTTCAAGG,GAGGTAAA,GAGGTAAA,1,1,0,GAGGTAAA,8,"",0,"",0,"",0,1
"Del8:U(2,):R1","Del(5,):R1",DEL:repeats:5+:0,2,AGTTC<ATGAAACG>CAGTCTTTGAGACAGACTAG,ATGAAACG,ATGAAACG,1,1,0,ATGAAACG,8,"",0,"",0,"",0,1
"Del8:U(2,):R1","Del(5,):R1",DEL:repeats:5+:0,3,ATTAG<TAATTTAT>GGCCTATGTGTTTACCTAAT,TAATTTAT,TAATTTAT,1,1,0,TAATTTAT,8,"",0,"",0,"",0,1
"Del(10,):U(2,):R1","Del(5,):R1",DEL:repeats:5+:0,1,TAGAA<TATCCAGCTT>AAGAAGGCAAACAAATTACA,TATCCAGCTT,TATCCAGCTT,1,1,0,TATCCAGCTT,10,"",0,"",0,"",0,1
"Del(10,):U(2,):R1","Del(5,):R1",DEL:repeats:5+:0,2,CAGAC<TGTTATCCTCTGGATCACA>ACAAAATCCTGTTCTTTCCT,TGTTATCCTCTGGATCACA,TGTTATCCTCTGGATCACA,1,1,0,TGTTATCCTCTGGATCACA,19,"",0,"",0,"",0,1
"Del(10,):U(2,):R1","Del(5,):R1",DEL:repeats:5+:0,3,CACAT<ATGATCACTCACATTAAAAAAAATAGTCATAAAATGACTAGATC>TTTATGTATAATATCTAATC,ATGATCACTCACATTAAAAAAAATAGTCATAAAATGACTAGATC,ATGATCACTCACATTAAAAAAAATAGTCATAAAATGACTAGATC,1,1,0,ATGATCACTCACATTAAAAAAAATAGTCATAAAATGACTAGATC,44,"",0,"",0,"",0,1
"Del(10,):U(2,):R1","Del(5,):R1",DEL:repeats:5+:0,4,CTTAA<TAATGTTCCAAGTGTCTTT>CAGAGAGAATAGAAAACAAT,TAATGTTCCAAGTGTCTTT,TAATGTTCCAAGTGTCTTT,1,1,0,TAATGTTCCAAGTGTCTTT,19,"",0,"",0,"",0,1
"Del(10,):U(2,):R1","Del(5,):R1",DEL:repeats:5+:0,5,CATGA<TCCGCCCGCCTTGGCCT>CCCAAAGTGCTGGGATTACA,TCCGCCCGCCTTGGCCT,TCCGCCCGCCTTGGCCT,1,1,0,TCCGCCCGCCTTGGCCT,17,"",0,"",0,"",0,1
"Del(10,):U(2,):R1","Del(5,):R1",DEL:repeats:5+:0,6,AACAC<ACTCCATGACCA>GGTTTCAGGACAAATCACCA,ACTCCATGACCA,ACTCCATGACCA,1,1,0,ACTCCATGACCA,12,"",0,"",0,"",0,1
"Del(10,):U(2,):R1","Del(5,):R1",DEL:repeats:5+:0,7,TTCAA<ACTCTTTGCCTATGCTTTTTTT>TTTGTCAGAATTGCATACAA,ACTCTTTGCCTATGCTTTTTTT,ACTCTTTGCCTATGCTTTTTTT,1,1,0,ACTCTTTGCCTATGCTTTTTTT,22,"",0,"",0,"",0,1
"Del(10,):U(2,):R1","Del(5,):R1",DEL:repeats:5+:0,8,CTCCC<ACCTGGATAGTT>TTTGGCCCACGAAGATGCCA,ACCTGGATAGTT,ACCTGGATAGTT,1,1,0,ACCTGGATAGTT,12,"",0,"",0,"",0,1
"Del(10,):U(2,):R1","Del(5,):R1",DEL:repeats:5+:0,9,GTGAG<ATCAGATTTC>TTCACATACTGCCAAATCAA,ATCAGATTTC,ATCAGATTTC,1,1,0,ATCAGATTTC,10,"",0,"",0,"",0,1
"Del(10,):U(2,):R1","Del(5,):R1",DEL:repeats:5+:0,10,GGATG<CTCCATTAATACATTAATAATATTAATAAAAACTAA>TAAATTAACCTACCAGAGGC,CTCCATTAATACATTAATAATATTAATAAAAACTAA,CTCCATTAATACATTAATAATATTAATAAAAACTAA,1,1,0,CTCCATTAATACATTAATAATATTAATAAAAACTAA,36,"",0,"",0,"",0,1
Del2:U1:R3,"Del(2,8):U(1,2):R(2,4)",DEL:MH:2:1,1,CTGAC<{T}T>{T}GTGATCTGCCCCCCTTAGCC,TT,T,2,3,1,T,1,T,1,"",0,T,1,3
Del2:U1:R3,"Del(2,8):U(1,2):R(2,4)",DEL:MH:2:1,2,AACAC<{A}A>{A}GAAGAATTCTTGCTGGGTCA,AA,A,2,3,1,A,1,A,1,"",0,A,1,3
Del2:U1:R3,"Del(2,8):U(1,2):R(2,4)",DEL:MH:2:1,3,CAGTG<{T}T>{T}GTTTTAGTCATGATTCTTGT,TT,T,2,3,1,T,1,T,1,"",0,T,1,3
Del2:U1:R3,"Del(2,8):U(1,2):R(2,4)",DEL:MH:2:1,4,TTAAC<{A}A>{A}TGGTCATTTACACTCATGCC,AA,A,2,3,1,A,1,A,1,"",0,A,1,3
Del2:U1:R4,"Del(2,8):U(1,2):R(2,4)",DEL:repeats:2:1,1,TTTTA<TT>[TT]GTCTTGATAAGGTATTTAAT,TT,T,2,4,0,T,1,T,1,"",0,TT,2,4
Del2:U1:R4,"Del(2,8):U(1,2):R(2,4)",DEL:repeats:2:1,2,TCTTC<AA>[AA]TAGCCCCAAACTGGAAACAA,AA,A,2,4,0,A,1,A,1,"",0,AA,2,4
Del2:U1:R4,"Del(2,8):U(1,2):R(2,4)",DEL:repeats:2:1,3,TAGTG<TT>[TT]GACTTATATTCTTCATATAA,TT,T,2,4,0,T,1,T,1,"",0,TT,2,4
Del2:U1:R4,"Del(2,8):U(1,2):R(2,4)",DEL:repeats:2:1,4,ATTAT<AA>[AA]TTTGTATTTCTAAATTATTA,AA,A,2,4,0,A,1,A,1,"",0,AA,2,4
Del2:U1:R4,"Del(2,8):U(1,2):R(2,4)",DEL:repeats:2:1,5,GTGTC<TT>[TT]GCCCCTCCCCGCTTGTCCGG,TT,T,2,4,0,T,1,T,1,"",0,TT,2,4
"Del2:U1:R(5,)","Del(2,):U(1,2):R(5,)",DEL:repeats:2:1; DEL:repeats:2:2; DEL:repeats:2:5+,1,GTCTC<AA>[AAAAAAAAAAAAAA]ATTCCAAAAACAATCTAAGA,AA,A,2,17,0,A,1,A,1,"",0,AAAAAAAAAAAAAAA,15,17
"Del2:U1:R(5,)","Del(2,):U(1,2):R(5,)",DEL:repeats:2:1; DEL:repeats:2:2; DEL:repeats:2:5+,2,TAGCG<TT>[TT]TCTTTTTCATAGAGTTTTTG,TT,T,2,5,0,T,1,T,1,"",0,TTT,3,5
"Del2:U1:R(5,)","Del(2,):U(1,2):R(5,)",DEL:repeats:2:1; DEL:repeats:2:2; DEL:repeats:2:5+,3,GACAC<AA>[AA]ATATAAACAACACAAATCCA,AA,A,2,5,0,A,1,A,1,"",0,AAA,3,5
"Del2:U1:R(5,)","Del(2,):U(1,2):R(5,)",DEL:repeats:2:1; DEL:repeats:2:2; DEL:repeats:2:5+,4,AAATA<TT>[TT]TACCCTGAGAAGTTCCCAGA,TT,T,2,5,0,T,1,T,1,"",0,TTT,3,5
"Del2:U1:R(5,)","Del(2,):U(1,2):R(5,)",DEL:repeats:2:1; DEL:repeats:2:2; DEL:repeats:2:5+,5,TTTTG<TT>[TTTT]GTTTTGAGATGGAGTCTCGC,TT,T,2,6,0,T,1,T,1,"",0,TTTT,4,6
"Del2:U1:R(5,)","Del(2,):U(1,2):R(5,)",DEL:repeats:2:1; DEL:repeats:2:2; DEL:repeats:2:5+,6,TTTTC<TT>[TTTTTTTTTTTT]AACTTGGGATATTTTATTTT,TT,T,2,14,0,T,1,T,1,"",0,TTTTTTTTTTTT,12,14
Del2:U2:R2,"Del(2,8):U(1,2):R(2,4)",DEL:repeats:2:1,1,AGGTC<TA>[TA]GTTTTACGGAACACCACTGG,TA,TA,1,2,0,TA,2,"",0,"",0,TA,1,2
Del2:U2:R2,"Del(2,8):U(1,2):R(2,4)",DEL:repeats:2:1,2,TCTGC<CA>[CA]GACCCTATTAAATTAGAAAC,CA,CA,1,2,0,CA,2,"",0,"",0,CA,1,2
Del2:U2:R2,"Del(2,8):U(1,2):R(2,4)",DEL:repeats:2:1,3,AAACA<CT>[CT]TTTTGTAGTATCTGGAAGTG,CT,CT,1,2,0,CT,2,"",0,"",0,CT,1,2
Del2:U2:R2,"Del(2,8):U(1,2):R(2,4)",DEL:repeats:2:1,4,GACTA<TC>[TC]GTGATTATCTCAAGCTGAAA,TC,TC,1,2,0,TC,2,"",0,"",0,TC,1,2
Del2:U2:R2,"Del(2,8):U(1,2):R(2,4)",DEL:repeats:2:1,5,CTCAC<TG>[TG]ATTTAGTTTCAGATAATAAT,TG,TG,1,2,0,TG,2,"",0,"",0,TG,1,2
Del2:U2:R2,"Del(2,8):U(1,2):R(2,4)",DEL:repeats:2:1,6,AAAAC<AG>[AG]TTAGGAATAAGCAGAGAGTA,AG,AG,1,2,0,AG,2,"",0,"",0,AG,1,2
Del2:U2:R2,"Del(2,8):U(1,2):R(2,4)",DEL:repeats:2:1,7,ATAAA<AC>[AC]TCCTCAGTGAATGAAAAATA,AC,AC,1,2,0,AC,2,"",0,"",0,AC,1,2
Del2:U2:R2,"Del(2,8):U(1,2):R(2,4)",DEL:repeats:2:1,8,ACAAA<GT>[GT]TTCTATGATCAGTCCTTGTT,GT,GT,1,2,0,GT,2,"",0,"",0,GT,1,2
Del2:U2:R2,"Del(2,8):U(1,2):R(2,4)",DEL:repeats:2:1,9,TTTAG<AT>[AT]GTTCTTAGAATTGCCTTTTG,AT,AT,1,2,0,AT,2,"",0,"",0,AT,1,2
Del2:U2:R2,"Del(2,8):U(1,2):R(2,4)",DEL:repeats:2:1,10,GAGAC<TA>[TA]ATTTTATGACCTGTACATCA,TA,TA,1,2,0,TA,2,"",0,"",0,TA,1,2
Del2:U2:R2,"Del(2,8):U(1,2):R(2,4)",DEL:repeats:2:1,11,ATTAC<CA>[CA]ATCAAGCTAATCAACCTATC,CA,CA,1,2,0,CA,2,"",0,"",0,CA,1,2
Del2:U2:R2,"Del(2,8):U(1,2):R(2,4)",DEL:repeats:2:1,12,CGAAA<CT>[CT]GTCTGAAAACAAAAACAAAA,CT,CT,1,2,0,CT,2,"",0,"",0,CT,1,2
Del2:U2:R2,"Del(2,8):U(1,2):R(2,4)",DEL:repeats:2:1,13,CCCTG<TC>[TC]TACTAAAAACACAAAAATTA,TC,TC,1,2,0,TC,2,"",0,"",0,TC,1,2
Del2:U2:R2,"Del(2,8):U(1,2):R(2,4)",DEL:repeats:2:1,14,TCAAC<TG>[TG]TTCTTAGTGCCTGAATGAAT,TG,TG,1,2,0,TG,2,"",0,"",0,TG,1,2
Del2:U2:R2,"Del(2,8):U(1,2):R(2,4)",DEL:repeats:2:1,15,TAGAC<AG>[AG]GATACAAATCAAAGGTACTA,AG,AG,1,2,0,AG,2,"",0,"",0,AG,1,2
Del2:U2:R2,"Del(2,8):U(1,2):R(2,4)",DEL:repeats:2:1,16,CTGGA<AC>[AC]TGTTCATTCTTTTTTTTTTT,AC,AC,1,2,0,AC,2,"",0,"",0,AC,1,2
Del2:U2:R2,"Del(2,8):U(1,2):R(2,4)",DEL:repeats:2:1,17,TATCA<GT>[GT]ATTTTGGCAGAAAATGCATA,GT,GT,1,2,0,GT,2,"",0,"",0,GT,1,2
Del2:U2:R2,"Del(2,8):U(1,2):R(2,4)",DEL:repeats:2:1,18,AAACC<CA>[CA]GACAGGAGAGATTTCACCCG,CA,CA,1,2,0,CA,2,"",0,"",0,CA,1,2
Del2:U2:R2,"Del(2,8):U(1,2):R(2,4)",DEL:repeats:2:1,19,AACCA<CT>[CT]GTGTTGGCATGAACACTCCT,CT,CT,1,2,0,CT,2,"",0,"",0,CT,1,2
Del2:U2:R2,"Del(2,8):U(1,2):R(2,4)",DEL:repeats:2:1,20,ATGTA<TC>[TC]TGTTTTTGGGAGATGCATGA,TC,TC,1,2,0,TC,2,"",0,"",0,TC,1,2
Del2:U2:R3,"Del(2,8):U(1,2):R(2,4)",DEL:repeats:2:2,1,CCCTC<CT>[CTCT]TTCTCTCTCTTGCTCCCCTT,CT,CT,1,3,0,CT,2,"",0,"",0,CTCT,2,3
Del2:U2:R3,"Del(2,8):U(1,2):R(2,4)",DEL:repeats:2:2,2,GTAAT<TC>[TCTC]ATGTAAACCTCATGCCCAGT,TC,TC,1,3,0,TC,2,"",0,"",0,TCTC,2,3
Del2:U2:R3,"Del(2,8):U(1,2):R(2,4)",DEL:repeats:2:2,3,CCAGC<AG>[AGAG]GGGGTCCCGAACGGGAGTGC,AG,AG,1,3,0,AG,2,"",0,"",0,AGAG,2,3
Del2:U2:R3,"Del(2,8):U(1,2):R(2,4)",DEL:repeats:2:2,4,CACTG<CA>[CACA]TATTTGATTAATCTCAATGC,CA,CA,1,3,0,CA,2,"",0,"",0,CACA,2,3
Del2:U2:R3,"Del(2,8):U(1,2):R(2,4)",DEL:repeats:2:2,5,GTGGC<CT>[CTCT]GCTGAGGTTGGAGGTGGGAA,CT,CT,1,3,0,CT,2,"",0,"",0,CTCT,2,3
Del2:U2:R3,"Del(2,8):U(1,2):R(2,4)",DEL:repeats:2:2,6,GCTTT<TC>[TCTC]TGTTTGCCACTTGGCCCAGT,TC,TC,1,3,0,TC,2,"",0,"",0,TCTC,2,3
Del2:U2:R3,"Del(2,8):U(1,2):R(2,4)",DEL:repeats:2:2,7,TTTTT<AG>[AGAG]TCTCATTCTGTCACCCAGGC,AG,AG,1,3,0,AG,2,"",0,"",0,AGAG,2,3
Del2:U2:R3,"Del(2,8):U(1,2):R(2,4)",DEL:repeats:2:2,8,AGTGA<CT>[CTCT]TGGAATTCCTGCTAGCTTGG,CT,CT,1,3,0,CT,2,"",0,"",0,CTCT,2,3
Del2:U2:R3,"Del(2,8):U(1,2):R(2,4)",DEL:repeats:2:2,9,TCCAA<TC>[TCTC]TTATCTCTTCCTCACCCCTA,TC,TC,1,3,0,TC,2,"",0,"",0,TCTC,2,3
Del2:U2:R3,"Del(2,8):U(1,2):R(2,4)",DEL:repeats:2:2,10,TAGTA<AG>[AGAG]GTTAGAATAAATCAATCCTA,AG,AG,1,3,0,AG,2,"",0,"",0,AGAG,2,3
Del2:U2:R3,"Del(2,8):U(1,2):R(2,4)",DEL:repeats:2:2,11,AAAAA<TC>[TCTC]TTATGTAACATATTTTGGGA,TC,TC,1,3,0,TC,2,"",0,"",0,TCTC,2,3
Del2:U2:R4,"Del(2,8):U(1,2):R(2,4)",DEL:repeats:2:3,1,TTTAT<TC>[TCTCTC]AGAATCTCTTCATTCTTTCC,TC,TC,1,4,0,TC,2,"",0,"",0,TCTCTC,3,4
Del2:U2:R4,"Del(2,8):U(1,2):R(2,4)",DEL:repeats:2:3,2,AAGGA<AG>[AGAGAG]TATATTTACGATTCATTAAA,AG,AG,1,4,0,AG,2,"",0,"",0,AGAGAG,3,4
Del2:U2:R4,"Del(2,8):U(1,2):R(2,4)",DEL:repeats:2:3,3,ACATA<AC>[ACACAC]ATTTTAAAACATATTCAGGT,AC,AC,1,4,0,AC,2,"",0,"",0,ACACAC,3,4
"Del2:U2:R(5,)","Del(2,):U(1,2):R(5,)",DEL:repeats:2:5+,1,GCACC<CA>[CACACACACA]GGTGGCCTATGCAACGCGGC,CA,CA,1,6,0,CA,2,"",0,"",0,CACACACACA,5,6
"Del2:U2:R(5,)","Del(2,):U(1,2):R(5,)",DEL:repeats:2:5+,2,TGTTT<TG>[TGTGTGTGTGTGTGTGTG]TTATATTCTGAGACCTTGCC,TG,TG,1,10,0,TG,2,"",0,"",0,TGTGTGTGTGTGTGTGTG,9,10
"Del2:U2:R(5,)","Del(2,):U(1,2):R(5,)",DEL:repeats:2:5+,3,GTACC<AG>[AGAGAGAGAGAGAGAGAGAGAG]AAAGAAACATCATCATTG,AG,AG,1,12,0,AG,2,"",0,"",0,AGAGAGAGAGAGAGAGAGAGAG,11,12
"Del2:U2:R(5,)","Del(2,):U(1,2):R(5,)",DEL:repeats:2:5+,4,GCGCG<CA>[CACACACACACACACACACA]AACAAACAAAAAAACACTAT,CA,CA,1,11,0,CA,2,"",0,"",0,CACACACACACACACACACA,10,11
"Del2:U2:R(5,)","Del(2,):U(1,2):R(5,)",DEL:repeats:2:5+,5,TATAT<AG>[AGAGAGAGAG]AATTATATATATTCAGTTGT,AG,AG,1,6,0,AG,2,"",0,"",0,AGAGAGAGAG,5,6
Del3:U3:R2,"Del(3,):U(3,):R2",DEL:repeats:3:1,1,TACAG<AAT>[AAT]CTCTGTACTCCTTGACTGTG,AAT,AAT,1,2,0,AAT,3,"",0,"",0,AAT,1,2
Del3:U3:R2,"Del(3,):U(3,):R2",DEL:repeats:3:1,2,CACTA<CTC>[CTC]ATTTCCTCACTTGGACACAC,CTC,CTC,1,2,0,CTC,3,"",0,"",0,CTC,1,2
Del3:U3:R2,"Del(3,):U(3,):R2",DEL:repeats:3:1,3,ATAAT<TTC>[TTC]TTTGTGTTTGCTTAAAGATG,TTC,TTC,1,2,0,TTC,3,"",0,"",0,TTC,1,2
Del3:U3:R2,"Del(3,):U(3,):R2",DEL:repeats:3:1,4,AGAAC<TTA>[TTA]TAGGAAAATGTGAAAAAATA,TTA,TTA,1,2,0,TTA,3,"",0,"",0,TTA,1,2
Del3:U3:R2,"Del(3,):U(3,):R2",DEL:repeats:3:1,5,ACATT<TTA>[TTA]AAGTCATAAAGAAAAAAGGA,TTA,TTA,1,2,0,TTA,3,"",0,"",0,TTA,1,2
Del3:U3:R3,"Del(3,):U(3,):R(3,)",DEL:repeats:3:2,1,GAGAA<AAT>[AATAAT]TTCACTATTACTAATGGTTC,AAT,AAT,1,3,0,AAT,3,"",0,"",0,AATAAT,2,3
Del4:U4:R3,"Del(3,):U(3,):R(3,)",DEL:repeats:4:2,1,TACAC<ACAT>[ACATACAT]ACACCTTGTAAAGTTCAACA,ACAT,ACAT,1,3,0,ACAT,4,"",0,"",0,ACATACAT,2,3
Del4:U4:R3,"Del(3,):U(3,):R(3,)",DEL:repeats:4:2,2,TTTGA<AGAC>[AGACAGAC]TTTCTTGACAATATTCAAAT,AGAC,AGAC,1,3,0,AGAC,4,"",0,"",0,AGACAGAC,2,3
Del4:U4:R4,"Del(3,):U(3,):R(3,)",DEL:repeats:4:3,1,TCTTT<TTCC>[TTCCTTCCTTCC]TTCTTTTCTTCCTTCCTTCC,TTCC,TTCC,1,4,0,TTCC,4,"",0,"",0,TTCCTTCCTTCC,3,4
Del5:U5:R2,"Del(3,):U(3,):R2",DEL:repeats:5+:1,1,TATAA<TATAT>[TATAT]TACATATATTACATATATAA,TATAT,TATAT,1,2,0,TATAT,5,"",0,"",0,TATAT,1,2
"Del(6,):U(4,):R(2,)","Del(3,):U(3,):R(3,)",DEL:repeats:5+:2,1,AGAGA<TGGTGTTAAATCATTCATGAGAGATCTGCC>[TGGTGTTAAATCATTCATGAGAGATCTGCCTGGTGTTAAATCATTCATGAGAGATCTGCC]TCATGATCCAATCATCACCC,TGGTGTTAAATCATTCATGAGAGATCTGCC,TGGTGTTAAATCATTCATGAGAGATCTGCC,1,3,0,TGGTGTTAAATCATTCATGAGAGATCTGCC,30,"",0,"",0,TGGTGTTAAATCATTCATGAGAGATCTGCCTGGTGTTAAATCATTCATGAGAGATCTGCC,2,3
"Ins(2,4):M","Ins(2,4):R0",INS:repeats:2:0; INS:repeats:3:0; INS:repeats:4:1,1,TCCCC<{C}A>{C}CCACCAAGAAGCTTGAATTC,CA,CA,1,0,1,C,1,"",0,A,1,CCC,3,3
"Ins(2,4):M","Ins(2,4):R0",INS:repeats:2:0; INS:repeats:3:0; INS:repeats:4:1,2,CTTTT<{TT}C>{TT}TTTTTTTGCCACCCAGAAAC,TTC,TTC,1,0,2,T,1,T,1,C,1,TTTTTTTTT,9,9
"Ins(2,4):M","Ins(2,4):R0",INS:repeats:2:0; INS:repeats:3:0; INS:repeats:4:1,3,AGGGT<AGAA>[AGAA]GACTTCTGTTTTCCCTTGGC,AGAA,AGAA,1,1,0,AGA,3,"",0,A,1,AGAAGA,2,2
"Ins(5,):M","Ins(5,):R0",INS:repeats:5+:0,1,ATTTA<{TTTATTTATTTATTTATTT}ATTTC>{TTTATTTATTTATTTATTT}TTGAGACGGAGTCTCACTCT,TTTATTTATTTATTTATTTATTTC,TTTATTTATTTATTTATTTATTTC,1,0,19,TTTATTTATTTATTTATTT,19,"",0,ATTTC,5,TTTATTTATTTATTTATTT,1,1
"Ins(5,):M","Ins(5,):R0",INS:repeats:5+:0,2,GAGTC<{TTAGTCATAGATTCTTTGC}AGTCTTA>{TTAGTCATAGATTCTTTGC}CTAGGCCGATGTCTATAATA,TTAGTCATAGATTCTTTGCAGTCTTA,TTAGTCATAGATTCTTTGCAGTCTTA,1,0,19,TTAGTCATAGATTCTTTGC,19,"",0,AGTCTTA,7,TTAGTCATAGATTCTTTGC,1,1
"Ins(5,):M","Ins(5,):R0",INS:repeats:5+:0,3,TCTCC<{GC}TAG>{GC}CAGGCGACAAGAGCTCGGTG,GCTAG,GCTAG,1,0,2,GC,2,"",0,TAG,3,GC,1,1
Ins2:U2:R0,"Ins(2,4):R0",INS:repeats:2:0,1,GGGGG<GC>TGTGCGTCTTGTGTGTGGAG,GC,GC,1,0,0,GC,2,"",0,"",0,"",0,0
Ins4:U4:R0,"Ins(2,4):R0",INS:repeats:4:0,1,CTCTT<TTTA>CACTTTGAGAAGTATAGTAA,TTTA,TTTA,1,0,0,T,1,TT,2,A,1,"",0,0
Ins4:U4:R0,"Ins(2,4):R0",INS:repeats:4:0,2,CTGCC<CCTA>TAGGCTCCAGCCCTGGCTTC,CCTA,CCTA,1,0,0,C,1,C,1,TA,2,"",0,0
"Ins(5,):R0","Ins(5,):R0",INS:repeats:5+:0,1,CTGCA<TTGTG>AGAGAGATAAAGGTGGGGAT,TTGTG,TTGTG,1,0,0,T,1,T,1,GTG,3,"",0,0
Ins2:U1:R2,"Ins(2,):R(2,4)",INS:repeats:2:1,1,AAGAT<AA>[AA]TAGAAGAGCCCTTGGAAAAT,AA,A,2,2,0,A,1,A,1,"",0,AA,2,2
Ins2:U1:R3,"Ins(2,):R(2,4)",INS:repeats:2:1,1,ATGGC<TT>[TT]TGAGGTAGAAGAGTGCATTT,TT,T,2,3,0,T,1,T,1,"",0,TTT,3,3
"Ins2:U1:R(5,)","Ins(2,):R(5,)",INS:repeats:2:5+,1,ATGTT<AA>[AAAAAAAAAAAA]GGTATAAAACTTCCCTACTA,AA,A,2,12,0,A,1,A,1,"",0,AAAAAAAAAAAA,12,12
"Ins2:U1:R(5,)","Ins(2,):R(5,)",INS:repeats:2:5+,2,TCTTC<TT>[TTTTTTTTTTTT]TAGATGGAGTCTCGCTCTGT,TT,T,2,13,0,T,1,T,1,"",0,TTTTTTTTTTTTT,13,13
Ins2:U2:R1,"Ins(2,4):R1",INS:repeats:2:1,1,AACCG<TA>[TA]TTTTCCAAAGCAAAATAAAT,TA,TA,1,1,0,TA,2,"",0,"",0,TA,1,1
Ins2:U2:R2,"Ins(2,):R(2,4)",INS:repeats:2:2,1,TCCAC<CT>[CTCT]GTCTCTCTCTCTCTCTCTCT,CT,CT,1,2,0,CT,2,"",0,"",0,CTCT,2,2
Ins2:U2:R2,"Ins(2,):R(2,4)",INS:repeats:2:2,2,CTGGC<AG>[AGAG]ACACAATAAAAAAACAAAAT,AG,AG,1,2,0,AG,2,"",0,"",0,AGAG,2,2
Ins2:U2:R4,"Ins(2,):R(2,4)",INS:repeats:2:4,1,ATAAT<TA>[TATATATA]TTTAATTTGGTAGACATTTC,TA,TA,1,4,0,TA,2,"",0,"",0,TATATATA,4,4
Ins2:U2:R4,"Ins(2,):R(2,4)",INS:repeats:2:4,2,ATATG<TA>[TATATATA]TGTGCATATATTGCATATAT,TA,TA,1,4,0,TA,2,"",0,"",0,TATATATA,4,4
"Ins2:U2:R(5,)","Ins(2,):R(5,)",INS:repeats:2:5+,1,ATGAT<TG>[TGTGTGTGTGTGTGTGTGTGTGTG]TACATTCAATTATATA,TG,TG,1,12,0,TG,2,"",0,"",0,TGTGTGTGTGTGTGTGTGTGTGTG,12,12
"Ins2:U2:R(5,)","Ins(2,):R(5,)",INS:repeats:2:5+,2,GAGAC<AG>[AGAGAGAGAGAGAGAGAGAGAG]AATGAGTCCTCTAGGGAC,AG,AG,1,11,0,AG,2,"",0,"",0,AGAGAGAGAGAGAGAGAGAGAG,11,11
"Ins2:U2:R(5,)","Ins(2,):R(5,)",INS:repeats:2:5+,3,TGGTC<AT>[ATATATATAT]AGTCATTTATATATGTAAAT,AT,AT,1,5,0,AT,2,"",0,"",0,ATATATATAT,5,5
"Ins2:U2:R(5,)","Ins(2,):R(5,)",INS:repeats:2:5+,4,AATTT<TA>[TATATATATATATA]TGTATATGTATATGTATATA,TA,TA,1,7,0,TA,2,"",0,"",0,TATATATATATATA,7,7
"Ins2:U2:R(5,)","Ins(2,):R(5,)",INS:repeats:2:5+,5,CACAT<AC>[ACACACACACACACACACACACACAC]ATATATGTACACAC,AC,AC,1,13,0,AC,2,"",0,"",0,ACACACACACACACACACACACACAC,13,13
"Ins2:U2:R(5,)","Ins(2,):R(5,)",INS:repeats:2:5+,6,AACTC<GT>[GTGTGTGTGTGTGTGTGTGTGTGTGTGTGTGT]AAGGTTTT,GT,GT,1,16,0,GT,2,"",0,"",0,GTGTGTGTGTGTGTGTGTGTGTGTGTGTGTGT,16,16
"Ins2:U2:R(5,)","Ins(2,):R(5,)",INS:repeats:2:5+,7,ACACA<CT>[CTCTCTCTCTCTCTCTCT]TACACAATGTGTTGGCTGTT,CT,CT,1,9,0,CT,2,"",0,"",0,CTCTCTCTCTCTCTCTCT,9,9
"Ins2:U2:R(5,)","Ins(2,):R(5,)",INS:repeats:2:5+,8,GGAGT<TG>[TGTGTGTGTGTGTGTGTGTGTGTGTGTGTGTG]AGATAGAT,TG,TG,1,16,0,TG,2,"",0,"",0,TGTGTGTGTGTGTGTGTGTGTGTGTGTGTGTG,16,16
"Ins2:U2:R(5,)","Ins(2,):R(5,)",INS:repeats:2:5+,9,TACAC<AG>[AGAGAGAGAGAGAGAGAGAGAGAG]TATGTTAACAATTGGT,AG,AG,1,12,0,AG,2,"",0,"",0,AGAGAGAGAGAGAGAGAGAGAGAG,12,12
"Ins2:U2:R(5,)","Ins(2,):R(5,)",INS:repeats:2:5+,10,TATGA<AT>[ATATATATATATATATATATATAT]GATTAGTTCTGTCCCT,AT,AT,1,12,0,AT,2,"",0,"",0,ATATATATATATATATATATATAT,12,12
"Ins2:U2:R(5,)","Ins(2,):R(5,)",INS:repeats:2:5+,11,TAATT<TA>[TATATATATATATA]AACTTGTAGTGCTTCCTAGA,TA,TA,1,7,0,TA,2,"",0,"",0,TATATATATATATA,7,7
"Ins2:U2:R(5,)","Ins(2,):R(5,)",INS:repeats:2:5+,12,CTTAA<AC>[ACACACACACACACACACACACACACACACACAC]TTCCAC,AC,AC,1,17,0,AC,2,"",0,"",0,ACACACACACACACACACACACACACACACACAC,17,17
"Ins2:U2:R(5,)","Ins(2,):R(5,)",INS:repeats:2:5+,13,TACTC<GT>[GTGTGTGTGTGTGTGTGTGTGTGTGTGTGTGTGTGT]GATT,GT,GT,1,18,0,GT,2,"",0,"",0,GTGTGTGTGTGTGTGTGTGTGTGTGTGTGTGTGTGT,18,18
"Ins2:U2:R(5,)","Ins(2,):R(5,)",INS:repeats:2:5+,14,GATAC<AT>[ATATATATATATAT]AGAGAGAGAGAGAGAGAGAG,AT,AT,1,7,0,AT,2,"",0,"",0,ATATATATATATAT,7,7
"Ins2:U2:R(5,)","Ins(2,):R(5,)",INS:repeats:2:5+,15,ATTGC<TA>[TATATATATATATATA]GCAATAAATAAACTTTATTT,TA,TA,1,8,0,TA,2,"",0,"",0,TATATATATATATATA,8,8
"Ins2:U2:R(5,)","Ins(2,):R(5,)",INS:repeats:2:5+,16,CACAG<AC>[ACACACACACACACACACAC]ATACACACACATACACCAAA,AC,AC,1,10,0,AC,2,"",0,"",0,ACACACACACACACACACAC,10,10
"Ins2:U2:R(5,)","Ins(2,):R(5,)",INS:repeats:2:5+,17,TGTAA<AT>[ATATATATATATATATATAT]GTACCCACACCTGAGAACTC,AT,AT,1,10,0,AT,2,"",0,"",0,ATATATATATATATATATAT,10,10
"Ins2:U2:R(5,)","Ins(2,):R(5,)",INS:repeats:2:5+,18,ATGTG<TA>[TATATATATATATATATATATATA]CACACACACATATTTA,TA,TA,1,12,0,TA,2,"",0,"",0,TATATATATATATATATATATATA,12,12
"Ins2:U2:R(5,)","Ins(2,):R(5,)",INS:repeats:2:5+,19,TATAA<AT>[ATATATATATATAT]CACATGTTATTTATCCACTC,AT,AT,1,7,0,AT,2,"",0,"",0,ATATATATATATAT,7,7
"Ins2:U2:R(5,)","Ins(2,):R(5,)",INS:repeats:2:5+,20,TGTTT<TA>[TATATATATATATATATATATATATA]CACACATACTTACA,TA,TA,1,13,0,TA,2,"",0,"",0,TATATATATATATATATATATATATA,13,13
Ins3:U3:R1,"Ins(2,4):R1",INS:repeats:3:1,1,ATGCT<ATG>[ATG]GTGCTTCAGAACTCTAGTCT,ATG,ATG,1,1,0,ATG,3,"",0,"",0,ATG,1,1
Ins3:U3:R1,"Ins(2,4):R1",INS:repeats:3:1,2,GGCTG<CCA>[CCA]GCTTCTTCATGTAGGGGTCC,CCA,CCA,1,1,0,CCA,3,"",0,"",0,CCA,1,1
"Ins3:U3:R(5,)","Ins(2,):R(5,)",INS:repeats:3:5+,1,CTCAA<AAT>[AATAATAATAATAATAATAATAATAAT]GATAATAATGTAAACTCATG,AAT,AAT,1,9,0,AAT,3,"",0,"",0,AATAATAATAATAATAATAATAATAAT,9,9
"Ins3:U3:R(5,)","Ins(2,):R(5,)",INS:repeats:3:5+,2,TCTTT<TTC>[TTCTTCTTCTTCTTCTTCTTCTTCTTC]CTCTTCCTCTTCTTCTTTCT,TTC,TTC,1,9,0,TTC,3,"",0,"",0,TTCTTCTTCTTCTTCTTCTTCTTCTTC,9,9
Ins4:U1:R4,"Ins(2,):R(2,4)",INS:repeats:4:1,1,CATTC<AAAA>[AAAA]GAGCAACATTCAGCTTTTAA,AAAA,A,4,4,0,A,1,AAA,3,"",0,AAAA,4,4
Ins4:U1:R4,"Ins(2,):R(2,4)",INS:repeats:4:1,2,GAACT<GGGG>[GGGG]CAAAGGTGACTCTTGTTAGG,GGGG,G,4,4,0,G,1,GGG,3,"",0,GGGG,4,4
Ins4:U1:R4,"Ins(2,):R(2,4)",INS:repeats:4:1,3,GATAC<AAAA>[AAAA]TAGATAACCTACAATGTGAC,AAAA,A,4,4,0,A,1,AAA,3,"",0,AAAA,4,4
"Ins4:U2:R(5,)","Ins(2,):R(5,)",INS:repeats:4:4; INS:repeats:4:5+,1,CCTCC<CTCT>[CTCTCTCTCTCTCTCT]GTCACTCTGTCTTTGTCTCT,CTCT,CT,2,8,0,CT,2,CT,1,"",0,CTCTCTCTCTCTCTCT,8,8
"Ins4:U2:R(5,)","Ins(2,):R(5,)",INS:repeats:4:4; INS:repeats:4:5+,2,AGGTT<TGTG>[TGTGTGTGTGTGTGTGTGTGTGTGTGTG]TCTGTGTGTGTGTGTTTTCT,TGTG,TG,2,14,0,TG,2,TG,1,"",0,TGTGTGTGTGTGTGTGTGTGTGTGTGTG,14,14
Ins4:U4:R1,"Ins(2,4):R1",INS:repeats:4:1,1,TTTAG<TCCC>[TCCC]AGCCACTCCAGAGGCTGAGG,TCCC,TCCC,1,1,0,TCCC,4,"",0,"",0,TCCC,1,1
Ins4:U4:R1,"Ins(2,4):R1",INS:repeats:4:1,2,CAGTG<GAAT>[GAAT]ATTCACTCCCAGAAGAGTTC,GAAT,GAAT,1,1,0,GAAT,4,"",0,"",0,GAAT,1,1
Ins4:U4:R1,"Ins(2,4):R1",INS:repeats:4:1,3,ACCAC<GCCT>[GCCT]GGCCAACTATGTCGTTTTTT,GCCT,GCCT,1,1,0,GCCT,4,"",0,"",0,GCCT,1,1
Ins4:U4:R1,"Ins(2,4):R1",INS:repeats:4:1,4,ACAAA<TGAC>[TGAC]TACTCAAAAATTTTTTCCAT,TGAC,TGAC,1,1,0,TGAC,4,"",0,"",0,TGAC,1,1
Ins4:U4:R3,"Ins(2,):R(2,4)",INS:repeats:4:3,1,TTTTT<TTTG>[TTTGTTTGTTTG]TTTTTTGAGATGGAGTCTTG,TTTG,TTTG,1,3,0,TTTG,4,"",0,"",0,TTTGTTTGTTTG,3,3
"Ins4:U4:R(5,)","Ins(2,):R(5,)",INS:repeats:4:5+,1,TAGAT<GATA>[GATAGATAGATAGATAGATAGATAGATAGATAGATAGATAGATA]ATATAGATGTATAGATATAG,GATA,GATA,1,11,0,GATA,4,"",0,"",0,GATAGATAGATAGATAGATAGATAGATAGATAGATAGATAGATA,11,11
"Ins4:U4:R(5,)","Ins(2,):R(5,)",INS:repeats:4:5+,2,AATAA<ATTT>[ATTTATTTATTTATTTATTTATTTATTT]AGAGATAGAGTCTCGCTCTG,ATTT,ATTT,1,7,0,ATTT,4,"",0,"",0,ATTTATTTATTTATTTATTTATTTATTT,7,7
"Ins4:U4:R(5,)","Ins(2,):R(5,)",INS:repeats:4:5+,3,TAGAC<AGAT>[AGATAGATAGATAGATAGATAGATAGATAGATAGATAGATAGAT]AGAATATTTGTAAAGTACTT,AGAT,AGAT,1,11,0,AGAT,4,"",0,"",0,AGATAGATAGATAGATAGATAGATAGATAGATAGATAGATAGAT,11,11
"Ins(5,):U(3,):R1","Ins(5,):R1",INS:repeats:5+:1,1,CACAG<GAAAGACTTAACACGCAGCCAACTTGTGGTT>[GAAAGACTTAACACGCAGCCAACTTGTGGTT]AGAAACAGAGTGCTTGGCAG,GAAAGACTTAACACGCAGCCAACTTGTGGTT,GAAAGACTTAACACGCAGCCAACTTGTGGTT,1,1,0,GAAAGACTTAACACGCAGCCAACTTGTGGTT,31,"",0,"",0,GAAAGACTTAACACGCAGCCAACTTGTGGTT,1,1
"Ins(5,):U(3,):R1","Ins(5,):R1",INS:repeats:5+:1,2,CTGTG<ATTCAAGA>[ATTCAAGA]CTTGGTTCTATTAGTACAGA,ATTCAAGA,ATTCAAGA,1,1,0,ATTCAAGA,8,"",0,"",0,ATTCAAGA,1,1
"Ins(5,):U(3,):R1","Ins(5,):R1",INS:repeats:5+:1,3,TCTTA<TCCCTT>[TCCCTT]ATTCAAGGACTGTAGATTAT,TCCCTT,TCCCTT,1,1,0,TCCCTT,6,"",0,"",0,TCCCTT,1,1
"Ins(5,):U(3,):R1","Ins(5,):R1",INS:repeats:5+:1,4,AATGT<AAATG>[AAATG]TTCTGAGAATATTTGAGGAA,AAATG,AAATG,1,1,0,AAATG,5,"",0,"",0,AAATG,1,1
"Ins(5,):U(3,):R1","Ins(5,):R1",INS:repeats:5+:1,5,TCATG<CCATT>[CCATT]CTCCTGCCTCAGCCTCCCAA,CCATT,CCATT,1,1,0,CCATT,5,"",0,"",0,CCATT,1,1
"Ins(5,):U(3,):R1","Ins(5,):R1",INS:repeats:5+:1,6,ATGTG<ATATAAA>[ATATAAA]ATACCAGTTTTACCATTCTA,ATATAAA,ATATAAA,1,1,0,ATATAAA,7,"",0,"",0,ATATAAA,1,1
"Ins(5,):U(3,):R1","Ins(5,):R1",INS:repeats:5+:1,7,TGTCT<ATTCCTCCAC>[ATTCCTCCAC]CAATACTATACTATCTTGAT,ATTCCTCCAC,ATTCCTCCAC,1,1,0,ATTCCTCCAC,10,"",0,"",0,ATTCCTCCAC,1,1
"Ins(5,):U(3,):R1","Ins(5,):R1",INS:repeats:5+:1,8,GGTGC<CTTCT>[CTTCT]ACTTCCTCTTTCCATTGCAC,CTTCT,CTTCT,1,1,0,CTTCT,5,"",0,"",0,CTTCT,1,1
"Ins(5,):U(3,):R1","Ins(5,):R1",INS:repeats:5+:1,9,GCAAT<GCATGCTACA>[GCATGCTACA]GGAGAGCCTGCAACATGGGG,GCATGCTACA,GCATGCTACA,1,1,0,GCATGCTACA,10,"",0,"",0,GCATGCTACA,1,1
"Ins(5,):U(3,):R(5,)","Ins(2,):R(5,)",INS:repeats:5+:5+,1,CCTGG<GTATT>[GTATTGTATTGTATTGTATTGTATTGTATTGTATTGTATTGTATTGTATTGTATTGTATTGTATTGTATTGTATT]TTGCAGCTGTTGTAAAAAGA,GTATT,GTATT,1,15,0,GTATT,5,"",0,"",0,GTATTGTATTGTATTGTATTGTATTGTATTGTATTGTATTGTATTGTATTGTATTGTATTGTATTGTATTGTATT,15,15
Del2:M1,"Del(2,5):M1",DEL:MH:2:1,1,GACAC<{T}G>{T}AACAGCTTACTACACACTGT,TG,TG,1,1,1,T,1,"",0,G,1,T,1,1
Del2:M1,"Del(2,5):M1",DEL:MH:2:1,2,GTATT<{T}C>{T}GTGTGGGGCAGCAGAGAAAT,TC,TC,1,1,1,T,1,"",0,C,1,T,1,1
Del2:M1,"Del(2,5):M1",DEL:MH:2:1,3,ATAAC<{A}G>{A}ATAACAGAGTGATGCATGTA,AG,AG,1,1,1,A,1,"",0,G,1,AA,2,2
Del2:M1,"Del(2,5):M1",DEL:MH:2:1,4,CACAC<{A}T>{A}CACACACATCTATATAATAC,AT,AT,1,1,1,A,1,"",0,T,1,A,1,1
Del2:M1,"Del(2,5):M1",DEL:MH:2:1,5,CAAAG<{A}C>{A}AACAAAAGGCCTTCCGAAAT,AC,AC,1,1,1,A,1,"",0,C,1,AAA,3,3
Del2:M1,"Del(2,5):M1",DEL:MH:2:1,6,GAAAC<{T}A>{T}GTAATTGACAAGTTGTCACA,TA,TA,1,1,1,T,1,"",0,A,1,T,1,1
Del2:M1,"Del(2,5):M1",DEL:MH:2:1,7,CCTCT<{C}A>{C}CATGGCCAATGAACACCGAC,CA,CA,1,1,1,C,1,"",0,A,1,CC,2,2
Del2:M1,"Del(2,5):M1",DEL:MH:2:1,8,GGGAA<{C}T>{C}CAAAGTCGCTGGGTCTGCGC,CT,CT,1,1,1,C,1,"",0,T,1,CC,2,2
Del2:M1,"Del(2,5):M1",DEL:MH:2:1,9,GAATC<{T}G>{T}CCCTTTCTAGGACTTCCCAG,TG,TG,1,1,1,T,1,"",0,G,1,T,1,1
Del2:M1,"Del(2,5):M1",DEL:MH:2:1,10,TATTT<{T}C>{T}GTCTTCCCAAACCAAATATA,TC,TC,1,1,1,T,1,"",0,C,1,T,1,1
Del2:M1,"Del(2,5):M1",DEL:MH:2:1,11,GAAAA<{A}G>{A}AGTTTTAATGGACTCACAGT,AG,AG,1,1,1,A,1,"",0,G,1,AA,2,2
Del2:M1,"Del(2,5):M1",DEL:MH:2:1,12,AGAAG<{A}T>{A}CATTAGAATATAGAATTAGC,AT,AT,1,1,1,A,1,"",0,T,1,A,1,1
Del2:M1,"Del(2,5):M1",DEL:MH:2:1,13,CAAAA<{A}C>{A}GTGTTTCCAAACTGCTGAAT,AC,AC,1,1,1,A,1,"",0,C,1,A,1,1
Del2:M1,"Del(2,5):M1",DEL:MH:2:1,14,ACCTC<{T}G>{T}CTCTATCTCTGTCTTTCTCT,TG,TG,1,1,1,T,1,"",0,G,1,T,1,1
Del2:M1,"Del(2,5):M1",DEL:MH:2:1,15,TTATT<{T}C>{T}TTTTCAAAGGGTTTAACAGT,TC,TC,1,1,1,T,1,"",0,C,1,TTTTT,5,5
Del2:M1,"Del(2,5):M1",DEL:MH:2:1,16,GAAAC<{A}G>{A}AGTTGGCTCTAAGTCAAAGC,AG,AG,1,1,1,A,1,"",0,G,1,AA,2,2
Del2:M1,"Del(2,5):M1",DEL:MH:2:1,17,TAATG<{A}C>{A}GTTAAAGTGAAAGCAAACTA,AC,AC,1,1,1,A,1,"",0,C,1,A,1,1
Del2:M1,"Del(2,5):M1",DEL:MH:2:1,18,ACAGT<{T}G>{T}TTTACTCTTCTTTGTTCCTT,TG,TG,1,1,1,T,1,"",0,G,1,TTTT,4,4
Del2:M1,"Del(2,5):M1",DEL:MH:2:1,19,ATAAA<{T}C>{T}GTTTTGTTTTGTTTTGTTTT,TC,TC,1,1,1,T,1,"",0,C,1,T,1,1
Del2:M1,"Del(2,5):M1",DEL:MH:2:1,20,GACTC<{A}G>{A}AGCACACAATTTCCTCCAGC,AG,AG,1,1,1,A,1,"",0,G,1,AA,2,2
Del3:M1,"Del(2,5):M1",DEL:MH:3:1,1,GTAAT<{A}AC>{A}TCTGCCCGTCCACCCATCCA,AAC,AAC,1,1,1,A,1,A,1,C,1,A,1,1
Del3:M1,"Del(2,5):M1",DEL:MH:3:1,2,CCCTC<{C}CT>{C}TCCTCCCTCTCCTCCCTCTC,CCT,CCT,1,1,1,C,1,C,1,T,1,C,1,1
Del3:M2,"Del(3,5):M2",DEL:MH:3:2,1,CCTCA<{TT}G>{TT}ATTTGGCCTAAGTAAAAAGT,TTG,TTG,1,1,2,T,1,T,1,G,1,TT,2,2
Del3:M2,"Del(3,5):M2",DEL:MH:3:2,2,ACATT<{AA}G>{AA}TCTACCATTTGCCAGGTAAT,AAG,AAG,1,1,2,A,1,A,1,G,1,AA,2,2
Del3:M2,"Del(3,5):M2",DEL:MH:3:2,3,ACTAG<{TA}A>{TA}TTGACCATCTTTTATGTGTT,TAA,TAA,1,1,2,TA,2,"",0,A,1,TA,1,1
Del3:M2,"Del(3,5):M2",DEL:MH:3:2,4,GAGTT<{GA}G>{GA}AGCTGGGAGGATCAAGGACC,GAG,GAG,1,1,2,GA,2,"",0,G,1,GA,1,1
Del3:M2,"Del(3,5):M2",DEL:MH:3:2,5,TCCCA<{AG}T>{AG}CTGGAACTACAGGCACCCAC,AGT,AGT,1,1,2,AG,2,"",0,T,1,AG,1,1
Del3:M2,"Del(3,5):M2",DEL:MH:3:2,6,TCCAA<{AA}C>{AA}TCTTCAACCCTTCCTTCCAA,AAC,AAC,1,1,2,A,1,A,1,C,1,AA,2,2
Del3:M2,"Del(3,5):M2",DEL:MH:3:2,7,TAAAT<{AA}G>{AA}ACCACTGCTTTTTAATTATA,AAG,AAG,1,1,2,A,1,A,1,G,1,AAA,3,3
Del4:M1,"Del(2,5):M1",DEL:MH:4:1,1,TGGAA<{T}GAT>{T}TATATTCCTCTGGGTATATA,TGAT,TGAT,1,1,1,T,1,"",0,GAT,3,TT,2,2
Del4:M1,"Del(2,5):M1",DEL:MH:4:1,2,CAACA<{T}TCT>{T}AAAGAAAAGAATTTCCAACC,TTCT,TTCT,1,1,1,T,1,T,1,CT,2,T,1,1
Del4:M1,"Del(2,5):M1",DEL:MH:4:1,3,CTCAA<{A}AAC>{A}GCAACAACTACAAACAAACA,AAAC,AAAC,1,1,1,A,1,AA,2,C,1,A,1,1
Del4:M2,"Del(3,5):M2",DEL:MH:4:2,1,CACCG<{GT}AA>{GT}GAGACGTGTCTCAAGGAACT,GTAA,GTAA,1,1,2,GT,2,"",0,AA,2,GT,1,1
Del4:M2,"Del(3,5):M2",DEL:MH:4:2,2,GGAGT<{CA}GG>{CA}AGTAAGGAGATGACTATAAT,CAGG,CAGG,1,1,2,CA,2,"",0,GG,2,CA,1,1
Del4:M2,"Del(3,5):M2",DEL:MH:4:2,3,CTCCC<{AG}GT>{AG}CTGGGACCACAGGTGCACGA,AGGT,AGGT,1,1,2,AG,2,"",0,GT,2,AG,1,1
Del4:M2,"Del(3,5):M2",DEL:MH:4:2,4,AACAG<{AG}TA>{AG}ACTCTGCCTTAAAAAAAAAA,AGTA,AGTA,1,1,2,AG,2,"",0,TA,2,AG,1,1
Del4:M3,"Del(4,5):M(3,4)",DEL:MH:4:3; DEL:repeats:4:1,1,GGTCA<{AAG}C>{AAG}TCATGAGGCCCAGTCAACAC,AAGC,AAGC,1,1,3,AAG,3,"",0,C,1,AAG,1,1
Del4:M3,"Del(4,5):M(3,4)",DEL:MH:4:3; DEL:repeats:4:1,2,GCGCT<CTGC>[CTGC]TGCTGGGGCCTGACTTCTTC,CTGC,CTGC,1,2,0,CTG,3,"",0,C,1,CTGCTGCTG,3,3
Del4:M3,"Del(4,5):M(3,4)",DEL:MH:4:3; DEL:repeats:4:1,3,TTGTC<{AGA}G>{AGA}AAATGTGTGTCTATGTGTTT,AGAG,AG,2,3,3,AGA,3,"",0,G,1,AGA,1,1
Del5:M3,"Del(4,5):M(3,4)",DEL:MH:5+:3,1,ACCAT<{GTA}AA>{GTA}TGTGGCAGTATTCTATATAA,GTAAA,GTAAA,1,1,3,GTA,3,"",0,AA,2,GTA,1,1
Del6:M1,"Del(6,):M1",DEL:MH:5+:1,1,AAATG<{A}TGGGA>{A}CACATGGACACATAGAGGGG,ATGGGA,ATGGGA,1,1,1,A,1,"",0,TGGGA,5,A,1,1
Del6:M2,"Del(6,):M2",DEL:MH:5+:2,1,AAAAA<{AA}CAAC>{AA}TGTGCAATCAAAGTCCTCGG,AACAAC,AAC,2,2,2,A,1,A,1,CAAC,4,AA,2,2
Del6:M2,"Del(6,):M2",DEL:MH:5+:2,2,TTCCA<{AA}GTAC>{AA}TACAATTATAGACTACAATA,AAGTAC,AAGTAC,1,1,2,A,1,A,1,GTAC,4,AA,2,2
Del6:M2,"Del(6,):M2",DEL:MH:5+:2,3,CAAAT<{CC}AAAA>{CC}TTTGCATGGGGAAGAGAAAT,CCAAAA,CCAAAA,1,1,2,C,1,C,1,AAAA,4,CC,2,2
Del6:M3,"Del(6,):M3",DEL:MH:5+:3,1,CTAAC<{TAT}CTT>{TAT}GGTGTCTTTTGATGAATACA,TATCTT,TATCTT,1,1,3,TAT,3,"",0,CTT,3,TAT,1,1
Del6:M4,"Del(6,):M(4,)",DEL:MH:5+:4,1,CTTGG<{GAGG}TT>{GAGG}CAGGAGAATCACTTGAACCC,GAGGTT,GAGGTT,1,1,4,GAGG,4,"",0,TT,2,GAGG,1,1
"Del(7,):M1","Del(6,):M1",DEL:MH:5+:1,1,TAAAA<{C}TTTTATT>{C}ACAGATATAAACGAACTGAA,CTTTTATT,CTTTTATT,1,1,1,C,1,"",0,TTTTATT,7,C,1,1
"Del(7,):M1","Del(6,):M1",DEL:MH:5+:1,2,GCAGT<{T}CTTGATCC>{T}TTGCACCCTTTACCCAAGTT,TCTTGATCC,TCTTGATCC,1,1,1,T,1,"",0,CTTGATCC,8,TTT,3,3
"Del(7,):M1","Del(6,):M1",DEL:MH:5+:1,3,TGAAA<{A}ATTTAT>{A}TTCCTTTGGGTATATATCTG,AATTTAT,AATTTAT,1,1,1,A,1,A,1,TTTAT,5,A,1,1
"Del(7,):M1","Del(6,):M1",DEL:MH:5+:1,4,CACCT<{A}AAAAGTAATGG>{A}TGGGTACTTAGTACTCTTAT,AAAAAGTAATGG,AAAAAGTAATGG,1,1,1,A,1,AAAA,4,GTAATGG,7,A,1,1
"Del(7,):M1","Del(6,):M1",DEL:MH:5+:1,5,TCCCA<{G}CAGGACCAACCAGAGAAGAACCTTCAAGAAGGTGATATT>{G}GTCAGGAAAGACTGGTCCCA,GCAGGACCAACCAGAGAAGAACCTTCAAGAAGGTGATATT,GCAGGACCAACCAGAGAAGAACCTTCAAGAAGGTGATATT,1,1,1,G,1,"",0,CAGGACCAACCAGAGAAGAACCTTCAAGAAGGTGATATT,39,GG,2,2
"Del(7,):M1","Del(6,):M1",DEL:MH:5+:1,6,ACCTG<{G}GGTGAGTCTTA>{G}AAAAGCATCACACAAAATGC,GGGTGAGTCTTA,GGGTGAGTCTTA,1,1,1,G,1,GG,2,TGAGTCTTA,9,G,1,1
"Del(7,):M1","Del(6,):M1",DEL:MH:5+:1,7,AGCGT<{T}GGAGGATCCC>{T}AGGGTGAAAAGCAGTAAGTG,TGGAGGATCCC,TGGAGGATCCC,1,1,1,T,1,"",0,GGAGGATCCC,10,T,1,1
"Del(7,):M1","Del(6,):M1",DEL:MH:5+:1,8,TATGA<{A}GAATCAGTTACATT>{A}ACAAACTCTCACATCCCTGT,AGAATCAGTTACATT,AGAATCAGTTACATT,1,1,1,A,1,"",0,GAATCAGTTACATT,14,AA,2,2
"Del(7,):M1","Del(6,):M1",DEL:MH:5+:1,9,AGGCC<{T}GCCGTCCCTGCAAGA>{T}CTGTGATCACTGTCTGCCCT,TGCCGTCCCTGCAAGA,TGCCGTCCCTGCAAGA,1,1,1,T,1,"",0,GCCGTCCCTGCAAGA,15,T,1,1
"Del(7,):M1","Del(6,):M1",DEL:MH:5+:1,10,GTGGA<{G}AAATAGGAAT>{G}CTTTTACACTGTTGGTGGGA,GAAATAGGAAT,GAAATAGGAAT,1,1,1,G,1,"",0,AAATAGGAAT,10,G,1,1
"Del(7,):M2","Del(6,):M2",DEL:MH:5+:2; DEL:MH:5+:3,1,TAACT<{CT}GAAGTCACAACC>{CT}TAGATTTTATTACTAAAGCA,CTGAAGTCACAACC,CTGAAGTCACAACC,1,1,2,CT,2,"",0,GAAGTCACAACC,12,CT,1,1
"Del(7,):M2","Del(6,):M2",DEL:MH:5+:2; DEL:MH:5+:3,2,TTTTT<{TT}ATGATTC>{TT}CCTAAGCCAGAAGAGACACT,TTATGATTC,TTATGATTC,1,1,2,T,1,T,1,ATGATTC,7,TT,2,2
"Del(7,):M2","Del(6,):M2",DEL:MH:5+:2; DEL:MH:5+:3,3,CGTGA<{TC}ATTATG>{TC}GGCAACTGCCAGGTTGACGA,TCATTATG,TCATTATG,1,1,2,TC,2,"",0,ATTATG,6,TC,1,1
"Del(7,):M2","Del(6,):M2",DEL:MH:5+:2; DEL:MH:5+:3,4,AATGG<{GA}AAAATGCTCTTGCCACAGGAGGGAAAAATGA>{GA}TGATGGATATGTTAATTTAT,GAAAAATGCTCTTGCCACAGGAGGGAAAAATGA,GAAAAATGCTCTTGCCACAGGAGGGAAAAATGA,1,1,2,GA,2,"",0,AAAATGCTCTTGCCACAGGAGGGAAAAATGA,31,GA,1,1
"Del(7,):M2","Del(6,):M2",DEL:MH:5+:2; DEL:MH:5+:3,5,CCATT<{TG}TCAGTTGATTGACATTC>{TG}ATTTTTCCACCTTTTGCCAA,TGTCAGTTGATTGACATTC,TGTCAGTTGATTGACATTC,1,1,2,TG,2,"",0,TCAGTTGATTGACATTC,17,TG,1,1
"Del(7,):M2","Del(6,):M2",DEL:MH:5+:2; DEL:MH:5+:3,6,ATATC<{AA}CAGGATCAAAATTTTTATTCAGAGATGCGCTTA>{AA}AATAGATGAGACACAAAAAT,AACAGGATCAAAATTTTTATTCAGAGATGCGCTTA,AACAGGATCAAAATTTTTATTCAGAGATGCGCTTA,1,1,2,A,1,A,1,CAGGATCAAAATTTTTATTCAGAGATGCGCTTA,33,AAAA,4,4
"Del(7,):M2","Del(6,):M2",DEL:MH:5+:2; DEL:MH:5+:3,7,CTACT<{TC}ACAAGGCTG>{TC}TTGAGGGTCAGCCAAGACAG,TCACAAGGCTG,TCACAAGGCTG,1,1,2,TC,2,"",0,ACAAGGCTG,9,TC,1,1
"Del(7,):M2","Del(6,):M2",DEL:MH:5+:2; DEL:MH:5+:3,8,AAGAC<{AA}AGAGACAAA>{AA}GTGGTCTTTTGTGGTCAACC,AAAGAGACAAA,AAAGAGACAAA,1,1,2,A,1,AA,2,GAGACAAA,8,AA,2,2
"Del(7,):M2","Del(6,):M2",DEL:MH:5+:2; DEL:MH:5+:3,9,TGCAC<{TC}AGCTGG>{TC}CTTGCTGAGTTATTTGCTGA,TCAGCTGG,TCAGCTGG,1,1,2,TC,2,"",0,AGCTGG,6,TC,1,1
"Del(7,):M2","Del(6,):M2",DEL:MH:5+:2; DEL:MH:5+:3,10,TGCCA<{AGA}TAATCAACATAAGCCAG>{AGA}GAGAAGAAATGAATGAAAAT,AGATAATCAACATAAGCCAG,AGATAATCAACATAAGCCAG,1,1,3,AG,2,"",0,ATAATCAACATAAGCCAG,18,AGAGAG,3,3
"Del(7,):M2","Del(6,):M2",DEL:MH:5+:2; DEL:MH:5+:3,11,GACAT<{CT}CCACCCG>{CT}TCTACTCAGCACTAGACAGA,CTCCACCCG,CTCCACCCG,1,1,2,CT,2,"",0,CCACCCG,7,CT,1,1
"Del(7,):M2","Del(6,):M2",DEL:MH:5+:2; DEL:MH:5+:3,12,TAGAG<{CC}ATACCTTAGGCCACTTCT>{CC}TTCCAAGCAAAGTGAACAAC,CCATACCTTAGGCCACTTCT,CCATACCTTAGGCCACTTCT,1,1,2,C,1,C,1,ATACCTTAGGCCACTTCT,18,CC,2,2
"Del(7,):M2","Del(6,):M2",DEL:MH:5+:2; DEL:MH:5+:3,13,AAAAT<{GA}GGCCAAAATGAAATGTTGGGCATTGTTATGTCTTCTTTGGA>{GA}AATGTCTGTTTAGGTCCTTT,GAGGCCAAAATGAAATGTTGGGCATTGTTATGTCTTCTTTGGA,GAGGCCAAAATGAAATGTTGGGCATTGTTATGTCTTCTTTGGA,1,1,2,GA,2,"",0,GGCCAAAATGAAATGTTGGGCATTGTTATGTCTTCTTTGGA,41,GA,1,1
"Del(7,):M2","Del(6,):M2",DEL:MH:5+:2; DEL:MH:5+:3,14,TATGT<{CC}ATGTGTA>{CC}CTTTGTTTAACTCCCACTTA,CCATGTGTA,CCATGTGTA,1,1,2,C,1,C,1,ATGTGTA,7,CCC,3,3
"Del(7,):M3","Del(6,):M3",DEL:MH:5+:3,1,CACAG<{TAA}CTAGTAATCTATGAAACAAAGCATAACATCAAAT>{TAA}TCCTCTTTCTGCAACTGTGG,TAACTAGTAATCTATGAAACAAAGCATAACATCAAAT,TAACTAGTAATCTATGAAACAAAGCATAACATCAAAT,1,1,3,TAA,3,"",0,CTAGTAATCTATGAAACAAAGCATAACATCAAAT,34,TAA,1,1
"Del(7,):M3","Del(6,):M3",DEL:MH:5+:3,2,ATATT<{CTT}CTTAAGTAATTTCATTTCCTTGAAATGAAATTACTTAAGAA>{CTT}TTACATAGGGGATAGCATTT,CTTCTTAAGTAATTTCATTTCCTTGAAATGAAATTACTTAAGAA,CTTCTTAAGTAATTTCATTTCCTTGAAATGAAATTACTTAAGAA,1,1,3,CTT,3,CTT,1,AAGTAATTTCATTTCCTTGAAATGAAATTACTTAAGAA,38,CTT,1,1
"Del(7,):M3","Del(6,):M3",DEL:MH:5+:3,3,AGAAA<{ATT}GATATATTAAACATC>{ATT}AAAATTAAAATCCTCTGTTC,ATTGATATATTAAACATC,ATTGATATATTAAACATC,1,1,3,ATT,3,"",0,GATATATTAAACATC,15,ATT,1,1
"Del(7,):M3","Del(6,):M3",DEL:MH:5+:3,4,TGGCT<{CAA}TCTCTGCTCACTG>{CAA}ACTCTGCCTCCTAAGTTCCA,CAATCTCTGCTCACTG,CAATCTCTGCTCACTG,1,1,3,CAA,3,"",0,TCTCTGCTCACTG,13,CAA,1,1
"Del(7,):M3","Del(6,):M3",DEL:MH:5+:3,5,CCCCT<{AAA}AAAAAACAAAG>{AAA}GAAGGCTGTGTTAGAGACAA,AAAAAAAAACAAAG,AAAAAAAAACAAAG,1,1,3,A,1,AAAAAAAA,8,CAAAG,5,AAA,3,3
"Del(7,):M3","Del(6,):M3",DEL:MH:5+:3,6,CTTAA<{CTT}CTTTGAACTTTG>{CTT}TTCTCACCTCCCAAATTATC,CTTCTTTGAACTTTG,CTTCTTTGAACTTTG,1,1,3,CTT,3,CTT,1,TGAACTTTG,9,CTT,1,1
"Del(7,):M4","Del(6,):M(4,)",DEL:MH:5+:4,1,CTTCA<{ACAA}ATGT>{ACAA}GAAAAAAAACAAGCTACCCC,ACAAATGT,ACAAATGT,1,1,4,ACAA,4,"",0,ATGT,4,ACAA,1,1
"Del(7,):M4","Del(6,):M(4,)",DEL:MH:5+:4,2,CACAC<{GGTT}TCCTTTTGG>{GGTT}GGTTAAAATGTTTTAAAATT,GGTTTCCTTTTGG,GGTTTCCTTTTGG,1,1,4,GGTT,4,"",0,TCCTTTTGG,9,GGTTGGTT,2,2
"Del(7,):M4","Del(6,):M(4,)",DEL:MH:5+:4,3,GGCCC<{CAAT}ACAAACTTGA>{CAAT}GGTTCTAAATGGCCAGAAAA,CAATACAAACTTGA,CAATACAAACTTGA,1,1,4,CAAT,4,"",0,ACAAACTTGA,10,CAAT,1,1
"Del(7,):M4","Del(6,):M(4,)",DEL:MH:5+:4,4,ACCCA<{AATG}TCCACAATAGGTG>{AATG}ATTAAACAAATTATCGTATA,AATGTCCACAATAGGTG,AATGTCCACAATAGGTG,1,1,4,AATG,4,"",0,TCCACAATAGGTG,13,AATG,1,1
"Del(7,):M5","Del(6,):M(4,)",DEL:MH:5+:5+,1,TGGGC<{AAAGA}ATTAA>{AAAGA}CAGTTCTCAAAAGAATACAT,AAAGAATTAA,AAAGAATTAA,1,1,5,AAAGA,5,"",0,ATTAA,5,AAAGA,1,1
"Del(7,):M(6,)","Del(6,):M(4,)",DEL:MH:5+:5+,1,AGCTG<{GGCAGAGGCGCTCCTCACTTCCC}AGACGGTGGAGTGGCC>{GGCAGAGGCGCTCCTCACTTCCC}CGACAGGGCGGTAGCTGGGT,GGCAGAGGCGCTCCTCACTTCCCAGACGGTGGAGTGGCC,GGCAGAGGCGCTCCTCACTTCCCAGACGGTGGAGTGGCC,1,1,23,GGCAGAGGCGCTCCTCACTTCCC,23,"",0,AGACGGTGGAGTGGCC,16,GGCAGAGGCGCTCCTCACTTCCC,1,1
